[{"model": "auth.user", "pk": 1, "fields": {"password": "pbkdf2_sha256$150000$Qc2fe6GjXHHx$Rf1L1Z+Vy4YQV+1iP3+ESN6d48V6HzHZPWcicSg8Vvk=", "last_login": "2022-04-05T14:02:36.415Z", "is_superuser": true, "username": "varin", "first_name": "", "last_name": "", "email": "", "is_staff": true, "is_active": true, "date_joined": "2022-03-19T08:37:03.024Z", "groups": [], "user_permissions": []}}, {"model": "auth.user", "pk": 4, "fields": {"password": "pbkdf2_sha256$150000$k139W9Q3b0Hs$bF1aHT8V1yRZlXm/piqecg2rKSwwmDMJs0UO118rT+c=", "last_login": "2022-03-29T14:13:32.288Z", "is_superuser": false, "username": "ivan", "first_name": "", "last_name": "", "email": "12345@pochta.ru", "is_staff": false, "is_active": true, "date_joined": "2022-03-26T08:18:21.914Z", "groups": [], "user_permissions": []}}, {"model": "auth.user", "pk": 5, "fields": {"password": "pbkdf2_sha256$150000$aIvjLeXnp8x3$DLtHM4JHIYZ3Km82wNMipqg7dwEBL4S58AEvQJIIuZ0=", "last_login": "2022-03-26T08:19:03.809Z", "is_superuser": false, "username": "sidor", "first_name": "", "last_name": "", "email": "67890@pochta.ru", "is_staff": false, "is_active": true, "date_joined": "2022-03-26T08:19:03.740Z", "groups": [], "user_permissions": []}}, {"model": "sessions.session", "pk": "20r5wkln4g0e0l38xo36p2nm3th689ui", "fields": {"session_data": "MGYzNjMwOTk5ZjE1Mjk0NzRiOTEwNjRiNjM4OTNkMTFiNmM3N2EzNTp7Il9hdXRoX3VzZXJfaWQiOiIxIiwiX2F1dGhfdXNlcl9iYWNrZW5kIjoiZGphbmdvLmNvbnRyaWIuYXV0aC5iYWNrZW5kcy5Nb2RlbEJhY2tlbmQiLCJfYXV0aF91c2VyX2hhc2giOiJhZDU2NDRhZTExYjMwODliMTdiMDRmMzFhMDcwOWFlYmVlOGRkNjFjIiwiX3Nlc3Npb25fZXhwaXJ5IjowfQ==", "expire_date": "2022-04-09T08:53:19.148Z"}}, {"model": "sessions.session", "pk": "5n3wvxaecklhr9bdx19w5nqxnp8kx62f", "fields": {"session_data": "OWY2MTdjYmFjMmY1Mjg0MTZkMmExZGY2NDYyOGZkMDE5YzYyY2EyNzp7Il9hdXRoX3VzZXJfaWQiOiI0IiwiX2F1dGhfdXNlcl9iYWNrZW5kIjoiZGphbmdvLmNvbnRyaWIuYXV0aC5iYWNrZW5kcy5Nb2RlbEJhY2tlbmQiLCJfYXV0aF91c2VyX2hhc2giOiJkZTIzNjYxMmRlNTZhY2IyOTM1MTVlN2Q1OTE5ZGE5MTlhOWIyNjI2IiwiX3Nlc3Npb25fZXhwaXJ5IjowfQ==", "expire_date": "2022-04-12T14:13:32.293Z"}}, {"model": "sessions.session", "pk": "6hs5cswrvwzf7oq517a31dbhf9hzbt83", "fields": {"session_data": "MWE3NmI2NTZkNTE2NDI5ZWNjNjdlYTlmNmE1ZjcwZjViODVjNWQwOTp7Il9hdXRoX3VzZXJfaWQiOiIxIiwiX2F1dGhfdXNlcl9iYWNrZW5kIjoiZGphbmdvLmNvbnRyaWIuYXV0aC5iYWNrZW5kcy5Nb2RlbEJhY2tlbmQiLCJfYXV0aF91c2VyX2hhc2giOiJhZDU2NDRhZTExYjMwODliMTdiMDRmMzFhMDcwOWFlYmVlOGRkNjFjIn0=", "expire_date": "2022-04-02T10:31:52.619Z"}}, {"model": "sessions.session", "pk": "9k822ebcjuy5baug7161cvpavc556pdi", "fields": {"session_data": "MGYzNjMwOTk5ZjE1Mjk0NzRiOTEwNjRiNjM4OTNkMTFiNmM3N2EzNTp7Il9hdXRoX3VzZXJfaWQiOiIxIiwiX2F1dGhfdXNlcl9iYWNrZW5kIjoiZGphbmdvLmNvbnRyaWIuYXV0aC5iYWNrZW5kcy5Nb2RlbEJhY2tlbmQiLCJfYXV0aF91c2VyX2hhc2giOiJhZDU2NDRhZTExYjMwODliMTdiMDRmMzFhMDcwOWFlYmVlOGRkNjFjIiwiX3Nlc3Npb25fZXhwaXJ5IjowfQ==", "expire_date": "2022-04-09T08:19:11.797Z"}}, {"model": "sessions.session", "pk": "bzzejd26nkd00cug5i467oh6bhje1xgc", "fields": {"session_data": "MWE3NmI2NTZkNTE2NDI5ZWNjNjdlYTlmNmE1ZjcwZjViODVjNWQwOTp7Il9hdXRoX3VzZXJfaWQiOiIxIiwiX2F1dGhfdXNlcl9iYWNrZW5kIjoiZGphbmdvLmNvbnRyaWIuYXV0aC5iYWNrZW5kcy5Nb2RlbEJhY2tlbmQiLCJfYXV0aF91c2VyX2hhc2giOiJhZDU2NDRhZTExYjMwODliMTdiMDRmMzFhMDcwOWFlYmVlOGRkNjFjIn0=", "expire_date": "2022-04-02T11:29:26.176Z"}}, {"model": "sessions.session", "pk": "nfll7dicg6rrxw72w0r4g3q1pz2i3v3c", "fields": {"session_data": "MWE3NmI2NTZkNTE2NDI5ZWNjNjdlYTlmNmE1ZjcwZjViODVjNWQwOTp7Il9hdXRoX3VzZXJfaWQiOiIxIiwiX2F1dGhfdXNlcl9iYWNrZW5kIjoiZGphbmdvLmNvbnRyaWIuYXV0aC5iYWNrZW5kcy5Nb2RlbEJhY2tlbmQiLCJfYXV0aF91c2VyX2hhc2giOiJhZDU2NDRhZTExYjMwODliMTdiMDRmMzFhMDcwOWFlYmVlOGRkNjFjIn0=", "expire_date": "2022-04-14T16:33:48.649Z"}}, {"model": "sessions.session", "pk": "ryxj36k0rmba9v8v40062dq2hsfhzzyg", "fields": {"session_data": "MWE3NmI2NTZkNTE2NDI5ZWNjNjdlYTlmNmE1ZjcwZjViODVjNWQwOTp7Il9hdXRoX3VzZXJfaWQiOiIxIiwiX2F1dGhfdXNlcl9iYWNrZW5kIjoiZGphbmdvLmNvbnRyaWIuYXV0aC5iYWNrZW5kcy5Nb2RlbEJhY2tlbmQiLCJfYXV0aF91c2VyX2hhc2giOiJhZDU2NDRhZTExYjMwODliMTdiMDRmMzFhMDcwOWFlYmVlOGRkNjFjIn0=", "expire_date": "2022-04-05T14:41:10.575Z"}}, {"model": "sessions.session", "pk": "ybuvd7qx8942g28haoc0ceo4s8l3qpr5", "fields": {"session_data": "MGYzNjMwOTk5ZjE1Mjk0NzRiOTEwNjRiNjM4OTNkMTFiNmM3N2EzNTp7Il9hdXRoX3VzZXJfaWQiOiIxIiwiX2F1dGhfdXNlcl9iYWNrZW5kIjoiZGphbmdvLmNvbnRyaWIuYXV0aC5iYWNrZW5kcy5Nb2RlbEJhY2tlbmQiLCJfYXV0aF91c2VyX2hhc2giOiJhZDU2NDRhZTExYjMwODliMTdiMDRmMzFhMDcwOWFlYmVlOGRkNjFjIiwiX3Nlc3Npb25fZXhwaXJ5IjowfQ==", "expire_date": "2022-04-19T14:02:36.422Z"}}, {"model": "sites.site", "pk": 1, "fields": {"domain": "example.com", "name": "example.com"}}, {"model": "account.emailaddress", "pk": 3, "fields": {"user": 4, "email": "12345@pochta.ru", "verified": false, "primary": true}}, {"model": "account.emailaddress", "pk": 4, "fields": {"user": 5, "email": "67890@pochta.ru", "verified": false, "primary": true}}, {"model": "blog.category", "pk": 1, "fields": {"name": "\u043c\u043e\u0441\u043a\u0432\u0430", "slug": "moskva", "description": "\u041d\u043e\u0432\u043e\u0441\u0442\u0438 \u041c\u043e\u0441\u043a\u0432\u044b", "parent": null, "template": "blog/post_list.html", "published": true, "paginated": 2, "sort": 0, "lft": 1, "rght": 2, "tree_id": 1, "level": 0}}, {"model": "blog.category", "pk": 2, "fields": {"name": "\u0441\u043f\u043e\u0440\u0442", "slug": "sport", "description": "\u041d\u043e\u0432\u043e\u0441\u0442\u0438 \u0441\u043f\u043e\u0440\u0442\u0430", "parent": null, "template": "blog/sport_list.html", "published": true, "paginated": 5, "sort": 0, "lft": 1, "rght": 8, "tree_id": 2, "level": 0}}, {"model": "blog.category", "pk": 3, "fields": {"name": "\u043f\u043e\u043b\u0438\u0442\u0438\u043a\u0430", "slug": "politika", "description": "\u043d\u043e\u0432\u043e\u0441\u0442\u0438 \u043f\u043e\u043b\u0438\u0442\u0438\u043a\u0438", "parent": null, "template": "blog/post_list.html", "published": true, "paginated": 5, "sort": 0, "lft": 1, "rght": 2, "tree_id": 3, "level": 0}}, {"model": "blog.category", "pk": 4, "fields": {"name": "\u0444\u0443\u0442\u0431\u043e\u043b", "slug": "futboll", "description": "\u043d\u043e\u0432\u043e\u0441\u0442\u0438 \u0444\u0443\u0442\u0431\u043e\u043b\u0430", "parent": 2, "template": "blog/sport_list.html", "published": true, "paginated": 5, "sort": 0, "lft": 2, "rght": 5, "tree_id": 2, "level": 1}}, {"model": "blog.category", "pk": 5, "fields": {"name": "\u0431\u0430\u0441\u043a\u0435\u0442\u0431\u043e\u043b", "slug": "basketboll", "description": "\u043d\u043e\u0432\u043e\u0441\u0442\u0438 \u0431\u0430\u0441\u043a\u0435\u0442\u0431\u043e\u043b\u0430", "parent": 2, "template": "blog/sport_list.html", "published": true, "paginated": 5, "sort": 0, "lft": 6, "rght": 7, "tree_id": 2, "level": 1}}, {"model": "blog.category", "pk": 6, "fields": {"name": "\u0444\u0443\u0442\u0431\u043e\u043b \u043c\u043e\u0441\u043a\u0432\u044b", "slug": "futboll-moskvy", "description": "\u0412\u043d\u0443\u0447\u0430\u0442\u0430\u044f \u043a\u0430\u0442\u0435\u0433\u043e\u0440\u0438\u044f", "parent": 4, "template": "blog/sport_list.html", "published": true, "paginated": 5, "sort": 0, "lft": 3, "rght": 4, "tree_id": 2, "level": 2}}, {"model": "blog.tag", "pk": 1, "fields": {"name": "\u043d\u043e\u0432\u043e\u0441\u0442\u0438", "slug": "news", "published": true}}, {"model": "blog.tag", "pk": 2, "fields": {"name": "\u043c\u043e\u0441\u043a\u0432\u0430", "slug": "moscow", "published": true}}, {"model": "blog.tag", "pk": 3, "fields": {"name": "\u043f\u043e\u043b\u0438\u0442\u0438\u043a\u0430", "slug": "politic", "published": true}}, {"model": "blog.tag", "pk": 4, "fields": {"name": "\u0441\u043f\u043e\u0440\u0442", "slug": "sport", "published": true}}, {"model": "blog.tag", "pk": 5, "fields": {"name": "\u043f\u0440\u043e\u0441\u0442\u043e \u0442\u0435\u0433", "slug": "teg", "published": true}}, {"model": "blog.post", "pk": 1, "fields": {"author": 1, "title": "\u0417\u0430\u043c\u043c\u044d\u0440\u0430 \u041c\u043e\u0441\u043a\u0432\u044b \u0411\u0438\u0440\u044e\u043a\u043e\u0432 \u0437\u0430\u044f\u0432\u0438\u043b, \u0447\u0442\u043e \u0441\u0442\u043e\u043b\u0438\u0447\u043d\u044b\u0435 \u043f\u0440\u0438\u0447\u0430\u043b\u044b \u043d\u0430\u0447\u0430\u043b\u0438 \u0433\u043e\u0442\u043e\u0432\u0438\u0442\u044c \u043a \u043e\u0442\u043a\u0440\u044b\u0442\u0438\u044e \u043d\u0430\u0432\u0438\u0433\u0430\u0446\u0438\u0438", "slug": "zammera-moskvy-biryukov-zayavil-chto-stolichnye-prichaly-nachali-gotovit-k-otkrytiyu-navigacii", "subtitle": null, "mini_text": "\u0421\u0442\u0430\u0440\u0442\u043e\u0432\u0430\u043b\u0438 \u0440\u0430\u0431\u043e\u0442\u044b \u043f\u043e \u043f\u043e\u0434\u0433\u043e\u0442\u043e\u0432\u043a\u0435 \u0441\u0442\u043e\u043b\u0438\u0447\u043d\u044b\u0445 \u043f\u0440\u0438\u0447\u0430\u043b\u043e\u0432 \u043a \u043f\u0430\u0441\u0441\u0430\u0436\u0438\u0440\u0441\u043a\u043e\u0439 \u043d\u0430\u0432\u0438\u0433\u0430\u0446\u0438\u0438, \u043a\u043e\u0442\u043e\u0440\u0443\u044e \u0442\u0440\u0430\u0434\u0438\u0446\u0438\u043e\u043d\u043d\u043e \u043f\u043b\u0430\u043d\u0438\u0440\u0443\u044e\u0442 \u043e\u0442\u043a\u0440\u044b\u0442\u044c \u0432 \u0430\u043f\u0440\u0435\u043b\u0435, \u0441\u043e\u043e\u0431\u0449\u0438\u043b \u0436\u0443\u0440\u043d\u0430\u043b\u0438\u0441\u0442\u0430\u043c \u0432 \u0441\u0443\u0431\u0431\u043e\u0442\u0443 \u0437\u0430\u043c\u0435\u0441\u0442\u0438\u0442\u0435\u043b\u044c \u043c\u044d\u0440\u0430 \u041c\u043e\u0441\u043a\u0432\u044b \u041f\u0435\u0442\u0440 \u0411\u0438\u0440\u044e\u043a\u043e\u0432.", "text": "<div>\r\n<div>\r\n<div>\r\n<div>\u0421\u0442\u0430\u0440\u0442\u043e\u0432\u0430\u043b\u0438 \u0440\u0430\u0431\u043e\u0442\u044b \u043f\u043e \u043f\u043e\u0434\u0433\u043e\u0442\u043e\u0432\u043a\u0435 \u0441\u0442\u043e\u043b\u0438\u0447\u043d\u044b\u0445 \u043f\u0440\u0438\u0447\u0430\u043b\u043e\u0432 \u043a \u043f\u0430\u0441\u0441\u0430\u0436\u0438\u0440\u0441\u043a\u043e\u0439 \u043d\u0430\u0432\u0438\u0433\u0430\u0446\u0438\u0438, \u043a\u043e\u0442\u043e\u0440\u0443\u044e \u0442\u0440\u0430\u0434\u0438\u0446\u0438\u043e\u043d\u043d\u043e \u043f\u043b\u0430\u043d\u0438\u0440\u0443\u044e\u0442 \u043e\u0442\u043a\u0440\u044b\u0442\u044c \u0432 \u0430\u043f\u0440\u0435\u043b\u0435, \u0441\u043e\u043e\u0431\u0449\u0438\u043b \u0436\u0443\u0440\u043d\u0430\u043b\u0438\u0441\u0442\u0430\u043c \u0432 \u0441\u0443\u0431\u0431\u043e\u0442\u0443 \u0437\u0430\u043c\u0435\u0441\u0442\u0438\u0442\u0435\u043b\u044c \u043c\u044d\u0440\u0430 \u041c\u043e\u0441\u043a\u0432\u044b \u041f\u0435\u0442\u0440 \u0411\u0438\u0440\u044e\u043a\u043e\u0432.\r\n<div><a class=\"mg-snippets-group__source\" href=\"https://ria.ru/20220319/moskva-1778977997.html?utm_source=yxnews&amp;utm_medium=desktop\" rel=\"noopener\" target=\"_blank\">\u0420\u0418\u0410 \u041d\u043e\u0432\u043e\u0441\u0442\u0438</a></div>\r\n</div>\r\n</div>\r\n</div>\r\n</div>\r\n\r\n<div>\r\n<div>&nbsp;</div>\r\n\r\n<div>\r\n<div>\r\n<div>&laquo;\u0417\u0430\u0442\u0435\u043c \u0431\u0443\u0434\u0435\u0442 \u043f\u0440\u043e\u0432\u0435\u0434\u0435\u043d\u0430 \u043f\u0435\u0441\u043a\u043e\u0441\u0442\u0440\u0443\u0439\u043d\u0430\u044f \u043e\u0431\u0440\u0430\u0431\u043e\u0442\u043a\u0430 \u0433\u0440\u0430\u043d\u0438\u0442\u043d\u044b\u0445 \u043f\u043e\u0432\u0435\u0440\u0445\u043d\u043e\u0441\u0442\u0435\u0439, \u043c\u0435\u0442\u0430\u043b\u043b\u0438\u0447\u0435\u0441\u043a\u0438\u0445 \u043e\u0433\u0440\u0430\u0436\u0434\u0435\u043d\u0438\u0439 \u0438 \u0447\u0443\u0433\u0443\u043d\u043d\u044b\u0445 \u044d\u043b\u0435\u043c\u0435\u043d\u0442\u043e\u0432 \u0434\u043b\u044f \u043f\u043e\u0441\u043b\u0435\u0434\u0443\u044e\u0449\u0435\u0439 \u043f\u043e\u043a\u0440\u0430\u0441\u043a\u0438&raquo;, &mdash; \u0440\u0430\u0441\u0441\u043a\u0430\u0437\u0430\u043b \u0437\u0430\u043c\u043c\u044d\u0440\u0430 \u043f\u043e \u0432\u043e\u043f\u0440\u043e\u0441\u0430\u043c \u0416\u041a\u0425 \u0438 \u0431\u043b\u0430\u0433\u043e\u0443\u0441\u0442\u0440\u043e\u0439\u0441\u0442\u0432\u0443 \u041f\u0451\u0442\u0440 \u0411\u0438\u0440\u044e\u043a\u043e\u0432.\r\n<div><a class=\"mg-snippets-group__source\" href=\"https://govoritmoskva.ru/news/309395/?utm_source=yxnews&amp;utm_medium=desktop\" rel=\"noopener\" target=\"_blank\">\u0413\u043e\u0432\u043e\u0440\u0438\u0442 \u041c\u043e\u0441\u043a\u0432\u0430</a></div>\r\n</div>\r\n</div>\r\n</div>\r\n</div>\r\n\r\n<div>\r\n<div>&nbsp;</div>\r\n\r\n<div>\r\n<div>\r\n<div>\u0414\u043b\u044f \u043e\u0431\u0435\u0441\u043f\u0435\u0447\u0435\u043d\u0438\u044f \u0431\u0435\u0437\u043e\u043f\u0430\u0441\u043d\u043e\u0441\u0442\u0438 \u043f\u0430\u0441\u0441\u0430\u0436\u0438\u0440\u043e\u0432 \u043e\u0431\u043d\u043e\u0432\u044f\u0442 \u0440\u0430\u0437\u043c\u0435\u0442\u043a\u0443 \u043e\u0433\u0440\u0430\u043d\u0438\u0447\u0438\u0442\u0435\u043b\u044c\u043d\u044b\u0445 \u043b\u0438\u043d\u0438\u0439 \u0438 \u0443\u043a\u0430\u0437\u0430\u0442\u0435\u043b\u0435\u0439 \u0434\u0432\u0438\u0436\u0435\u043d\u0438\u044f \u043d\u0430 \u043f\u043e\u0441\u0430\u0434\u043a\u0443 \u0438 \u0432\u044b\u0441\u0430\u0434\u043a\u0443.\r\n<div><a class=\"mg-snippets-group__source\" href=\"https://ria.ru/20220319/moskva-1778977997.html?utm_source=yxnews&amp;utm_medium=desktop\" rel=\"noopener\" target=\"_blank\">\u0420\u0418\u0410 \u041d\u043e\u0432\u043e\u0441\u0442\u0438</a></div>\r\n</div>\r\n</div>\r\n</div>\r\n</div>\r\n\r\n<div>\r\n<div>&nbsp;</div>\r\n\r\n<div>\r\n<div>\r\n<div>&quot;\u0412 \u043f\u0435\u0440\u0438\u043e\u0434 \u043d\u0430\u0432\u0438\u0433\u0430\u0446\u0438\u0438 \u043d\u0430 \u043f\u0440\u0438\u0447\u0430\u043b\u0430\u0445 \u0437\u0430\u043f\u043b\u0430\u043d\u0438\u0440\u043e\u0432\u0430\u043d\u044b \u0440\u0430\u0431\u043e\u0442\u044b \u043f\u043e \u0443\u043b\u0443\u0447\u0448\u0435\u043d\u0438\u044e \u043a\u0430\u0447\u0435\u0441\u0442\u0432\u0430 \u0441\u0443\u0434\u043e\u0445\u043e\u0434\u0441\u0442\u0432\u0430, \u0432 \u0442\u043e\u043c \u0447\u0438\u0441\u043b\u0435 \u043f\u043e\u0434\u0432\u043e\u0434\u043d\u043e\u0435 \u043e\u0431\u0441\u043b\u0435\u0434\u043e\u0432\u0430\u043d\u0438\u0435, \u0443\u0433\u043b\u0443\u0431\u043b\u0435\u043d\u0438\u0435 \u0438 \u043e\u0447\u0438\u0441\u0442\u043a\u0430 \u0434\u043d\u0430 \u043e\u0442 \u043c\u0443\u0441\u043e\u0440\u0430&quot;, - \u0433\u043e\u0432\u043e\u0440\u0438\u0442\u0441\u044f \u0432 \u0441\u043e\u043e\u0431\u0449\u0435\u043d\u0438\u0438.\r\n<div><a class=\"mg-snippets-group__source\" href=\"https://tass.ru/obschestvo/14122091?utm_source=yxnews&amp;utm_medium=desktop\" rel=\"noopener\" target=\"_blank\">\u0422\u0410\u0421\u0421</a></div>\r\n</div>\r\n</div>\r\n</div>\r\n</div>", "created_date": "2022-03-19T10:06:03.194Z", "edit_date": "2022-03-19T10:00:53Z", "published_date": "2022-03-19T10:00:53Z", "image": "post/Firefox_wallpaper.png", "category": 1, "template": "blog/post_detail.html", "published": true, "viewed": 0, "status": false, "sort": 0, "tags": [1, 2]}}, {"model": "blog.post", "pk": 2, "fields": {"author": 1, "title": "\u0412 \u0424\u0410\u0421 \u043f\u043e \u041c\u043e\u0441\u043a\u0432\u0435 \u0441\u043e\u043e\u0431\u0449\u0438\u043b\u0438, \u0447\u0442\u043e \u0442\u043e\u0440\u0433\u043e\u0432\u044b\u0435 \u0441\u0435\u0442\u0438 \u043f\u0440\u0438\u0441\u043e\u0435\u0434\u0438\u043d\u0438\u043b\u0438\u0441\u044c \u043a \u0438\u0434\u0435\u0435 \u043f\u043e \u043e\u0433\u0440\u0430\u043d\u0438\u0447\u0435\u043d\u0438\u044e \u043d\u0430\u0446\u0435\u043d\u043e\u043a", "slug": "v-fas-po-moskve-soobshili-chto-torgovye-seti-prisoedinilis-k-idee-po-ogranicheniyu-nacenok", "subtitle": null, "mini_text": "\u0412 \u0424\u0410\u0421 \u043f\u043e \u041c\u043e\u0441\u043a\u0432\u0435 \u0441\u043e\u043e\u0431\u0449\u0438\u043b\u0438, \u0447\u0442\u043e \u0442\u043e\u0440\u0433\u043e\u0432\u044b\u0435 \u0441\u0435\u0442\u0438 \u043f\u0440\u0438\u0441\u043e\u0435\u0434\u0438\u043d\u0438\u043b\u0438\u0441\u044c \u043a \u0438\u0434\u0435\u0435 \u043f\u043e \u043e\u0433\u0440\u0430\u043d\u0438\u0447\u0435\u043d\u0438\u044e \u043d\u0430\u0446\u0435\u043d\u043e\u043a", "text": "<div>\r\n<div>\r\n<div>\r\n<div>\u0422\u0430\u043a\u0436\u0435 \u0443\u043a\u0430\u0437\u044b\u0432\u0430\u0435\u0442\u0441\u044f, \u0447\u0442\u043e \u0442\u043e\u0440\u0433\u043e\u0432\u044b\u0435 \u0441\u0435\u0442\u0438 \u0441\u0430\u043c\u043e\u0441\u0442\u043e\u044f\u0442\u0435\u043b\u044c\u043d\u043e \u043e\u043f\u0440\u0435\u0434\u0435\u043b\u044f\u0442 \u043f\u043e\u0437\u0438\u0446\u0438\u0438, \u043f\u0435\u0440\u0438\u043e\u0434 \u0438 \u043f\u0440\u0435\u0434\u0435\u043b\u044c\u043d\u044b\u0439 \u0440\u0430\u0437\u043c\u0435\u0440 \u043d\u0430\u0446\u0435\u043d\u043a\u0438.\r\n<div><a class=\"mg-snippets-group__source\" href=\"https://lenta.ru/news/2022/03/19/shop/?utm_source=yxnews&amp;utm_medium=desktop\" rel=\"noopener\" target=\"_blank\">Lenta.ru</a></div>\r\n</div>\r\n</div>\r\n</div>\r\n</div>\r\n\r\n<div>\r\n<div>&nbsp;</div>\r\n\r\n<div>\r\n<div>\r\n<div>\u0422\u043e\u0440\u0433\u043e\u0432\u044b\u0435 \u0441\u0435\u0442\u0438 &quot;\u0410\u0432\u043e\u0441\u044c\u043a\u0430&quot;, &quot;\u0410\u0437\u0431\u0443\u043a\u0430 \u0412\u043a\u0443\u0441\u0430&quot;, &quot;\u0411\u0438\u041c&quot;, &quot;\u0412\u043a\u0443\u0441\u0412\u0438\u043b\u043b&quot;, &quot;\u0414\u0430!&quot;, &quot;\u041c\u0430\u0433\u043d\u043e\u043b\u0438\u044f&quot;, &quot;\u041c\u0438\u0440\u0430\u0442\u043e\u0440\u0433&quot;, &quot;\u041c\u044f\u0441\u043d\u043e\u0432\u044a&quot; \u043f\u0440\u0438\u0441\u043e\u0435\u0434\u0438\u043d\u0438\u043b\u0438\u0441\u044c \u043a \u0438\u043d\u0438\u0446\u0438\u0430\u0442\u0438\u0432\u0435 \u043f\u043e \u043e\u0433\u0440\u0430\u043d\u0438\u0447\u0435\u043d\u0438\u044e \u043d\u0430\u0446\u0435\u043d\u043e\u043a, \u0441\u043e\u043e\u0431\u0449\u0430\u0435\u0442\u0441\u044f \u043d\u0430 <a class=\"mg-story__doc-reference\" href=\"https://moscow.fas.gov.ru/news/18840?utm_source=yxnews&amp;utm_medium=desktop\" rel=\"noopener\" target=\"_blank\">\u0441\u0430\u0439\u0442\u0435</a>\r\n\r\n<div><a class=\"mg-story__doc-reference\" href=\"https://moscow.fas.gov.ru/news/18840?utm_source=yxnews&amp;utm_medium=desktop\" rel=\"noopener\" target=\"_blank\"><img alt=\"\" class=\"d69K_-image d69K_-image_loaded\" src=\"https://favicon.yandex.net/favicon/moscow.fas.gov.ru?stub=1&amp;size=32\" style=\"height:16px; width:16px\" /></a></div>\r\n\u0443\u043f\u0440\u0430\u0432\u043b\u0435\u043d\u0438\u044f \u0424\u0435\u0434\u0435\u0440\u0430\u043b\u044c\u043d\u043e\u0439 \u0430\u043d\u0442\u0438\u043c\u043e\u043d\u043e\u043f\u043e\u043b\u044c\u043d\u043e\u0439 \u0441\u043b\u0443\u0436\u0431\u044b \u043f\u043e \u041c\u043e\u0441\u043a\u0432\u0435.\r\n\r\n<div><a class=\"mg-snippets-group__source\" href=\"https://ria.ru/20220319/natsenki-1778967659.html?utm_source=yxnews&amp;utm_medium=desktop\" rel=\"noopener\" target=\"_blank\">\u0420\u0418\u0410 \u041d\u043e\u0432\u043e\u0441\u0442\u0438</a></div>\r\n</div>\r\n</div>\r\n</div>\r\n</div>\r\n\r\n<div>\r\n<div>&nbsp;</div>\r\n\r\n<div>\r\n<div>\r\n<div>\u041c\u043e\u0441\u043a\u043e\u0432\u0441\u043a\u043e\u0435 \u0423\u0424\u0410\u0421 \u0420\u043e\u0441\u0441\u0438\u0438 \u0441\u043e\u0432\u043c\u0435\u0441\u0442\u043d\u043e \u0441 \u0434\u0435\u043f\u0430\u0440\u0442\u0430\u043c\u0435\u043d\u0442\u043e\u043c \u0442\u043e\u0440\u0433\u043e\u0432\u043b\u0438 \u0438 \u0443\u0441\u043b\u0443\u0433 \u043f\u0440\u043e\u0432\u0435\u043b\u043e \u0440\u044f\u0434 \u0441\u043e\u0432\u0435\u0449\u0430\u043d\u0438\u0439 \u0441 \u043a\u0440\u0443\u043f\u043d\u044b\u043c\u0438 \u0440\u0435\u0433\u0438\u043e\u043d\u0430\u043b\u044c\u043d\u044b\u043c\u0438 \u0442\u043e\u0440\u0433\u043e\u0432\u044b\u043c\u0438 \u0441\u0435\u0442\u044f\u043c\u0438.\r\n<div><a class=\"mg-snippets-group__source\" href=\"https://tass.ru/ekonomika/14117257?utm_source=yxnews&amp;utm_medium=desktop\" rel=\"noopener\" target=\"_blank\">\u0422\u0410\u0421\u0421</a></div>\r\n</div>\r\n</div>\r\n</div>\r\n</div>\r\n\r\n<div>\r\n<div>&nbsp;</div>\r\n\r\n<div>\r\n<div>\r\n<div>\u0412 \u043f\u0435\u0440\u0435\u0447\u0435\u043d\u044c \u0442\u043e\u0432\u0430\u0440\u043e\u0432 \u043a\u0430\u0436\u0434\u043e\u0439 \u0441\u0435\u0442\u0438 \u0432\u0445\u043e\u0434\u044f\u0442 \u043e\u0432\u043e\u0449\u0438, \u0444\u0440\u0443\u043a\u0442\u044b, \u0441\u0430\u0445\u0430\u0440, \u044f\u0439\u0446\u0430, \u0445\u043b\u0435\u0431, \u043c\u043e\u043b\u043e\u043a\u043e.\r\n<div><a class=\"mg-snippets-group__source\" href=\"https://ren.tv/news/v-rossii/952817-torgovye-seti-rossii-prisoedinilis-k-idee-po-ogranicheniiu-natsenok?utm_source=yxnews&amp;utm_medium=desktop\" rel=\"noopener\" target=\"_blank\">\u0420\u0415\u041d \u0422\u0412<img alt=\"\" src=\"https://icdn.lenta.ru/images/2022/03/19/03/20220319034605509/owl_detail_240_f06c0579d45e3b801fa04a1a28484d15.jpg\" style=\"height:160px; width:240px\" /></a></div>\r\n</div>\r\n</div>\r\n</div>\r\n</div>", "created_date": "2022-03-19T10:20:23.821Z", "edit_date": "2022-03-19T10:17:57Z", "published_date": "2022-03-19T10:17:57Z", "image": "post/6659335.jpg", "category": 1, "template": "blog/post_detail.html", "published": true, "viewed": 0, "status": false, "sort": 0, "tags": [1, 2, 5]}}, {"model": "blog.post", "pk": 3, "fields": {"author": 4, "title": "\u0412 \u0413\u0438\u0434\u0440\u043e\u043c\u0435\u0442\u0446\u0435\u043d\u0442\u0440\u0435 \u043f\u043e\u043e\u0431\u0435\u0449\u0430\u043b\u0438 \u043c\u043e\u0441\u043a\u0432\u0438\u0447\u0430\u043c \u0432\u0435\u0441\u0435\u043d\u043d\u044e\u044e \u043f\u043e\u0433\u043e\u0434\u0443 \u0432 \u0431\u043b\u0438\u0436\u0430\u0439\u0448\u0438\u0435 \u0434\u043d\u0438", "slug": "v-gidrometcentre-poobeshali-moskvicham-vesennyuyu-pogodu-v-blizhajshie-dni", "subtitle": null, "mini_text": "\u0412 \u0413\u0438\u0434\u0440\u043e\u043c\u0435\u0442\u0446\u0435\u043d\u0442\u0440\u0435 \u043f\u043e\u043e\u0431\u0435\u0449\u0430\u043b\u0438 \u043c\u043e\u0441\u043a\u0432\u0438\u0447\u0430\u043c \u0432\u0435\u0441\u0435\u043d\u043d\u044e\u044e \u043f\u043e\u0433\u043e\u0434\u0443 \u0432 \u0431\u043b\u0438\u0436\u0430\u0439\u0448\u0438\u0435 \u0434\u043d\u0438", "text": "<div>\r\n<div>\r\n<p>\u041c\u041e\u0421\u041a\u0412\u0410, 19 \u043c\u0430\u0440\u0442\u0430. /\u0422\u0410\u0421\u0421/. \u041c\u043e\u0441\u043a\u0432\u0438\u0447\u0435\u0439 \u043e\u0436\u0438\u0434\u0430\u0435\u0442 \u0432\u0435\u0441\u0435\u043d\u043d\u044f\u044f \u043f\u043e\u0433\u043e\u0434\u0430 \u0432 \u0431\u043b\u0438\u0436\u0430\u0439\u0448\u0438\u0435 \u0434\u043d\u0438. \u041e\u0434\u043d\u0430\u043a\u043e \u0441\u043d\u0435\u0436\u043d\u044b\u0439 \u043f\u043e\u043a\u0440\u043e\u0432 \u0431\u0443\u0434\u0435\u0442 \u0441\u043e\u0445\u0440\u0430\u043d\u044f\u0442\u044c\u0441\u044f \u043c\u0438\u043d\u0438\u043c\u0443\u043c \u0434\u043e \u043a\u043e\u043d\u0446\u0430 \u0441\u043b\u0435\u0434\u0443\u044e\u0449\u0435\u0439 \u043d\u0435\u0434\u0435\u043b\u0438, \u0441\u043e\u043e\u0431\u0449\u0438\u043b \u0422\u0410\u0421\u0421 \u043d\u0430\u0443\u0447\u043d\u044b\u0439 \u0440\u0443\u043a\u043e\u0432\u043e\u0434\u0438\u0442\u0435\u043b\u044c \u0413\u0438\u0434\u0440\u043e\u043c\u0435\u0442\u0446\u0435\u043d\u0442\u0440\u0430 \u0420\u043e\u0441\u0441\u0438\u0438 \u0420\u043e\u043c\u0430\u043d \u0412\u0438\u043b\u044c\u0444\u0430\u043d\u0434.</p>\r\n\r\n<p>&quot;\u0412 \u0431\u043b\u0438\u0436\u0430\u0439\u0448\u0438\u0435 \u0434\u043d\u0438 \u043f\u043e\u0433\u043e\u0434\u0430 \u0431\u0443\u0434\u0435\u0442 \u0442\u0430\u043a\u043e\u0439, \u043e \u043a\u043e\u0442\u043e\u0440\u043e\u0439 \u043c\u043e\u0436\u043d\u043e \u0433\u043e\u0432\u043e\u0440\u0438\u0442\u044c \u0441 \u0440\u0430\u0434\u043e\u0441\u0442\u044c\u044e. \u041e\u043d\u0430 \u0431\u0443\u0434\u0435\u0442 \u0430\u043d\u0442\u0438\u0446\u0438\u043a\u043b\u043e\u043d\u0430\u043b\u044c\u043d\u043e\u0439. \u041d\u0435 \u0438\u0441\u043a\u043b\u044e\u0447\u0435\u043d\u043e, \u0447\u0442\u043e \u0432 \u0441\u0443\u0431\u0431\u043e\u0442\u0443 \u0432 \u0434\u0430\u0432\u043b\u0435\u043d\u0438\u0435 \u0431\u0443\u0434\u0435\u0442 \u0440\u0435\u043a\u043e\u0440\u0434\u043d\u043e \u0432\u044b\u0441\u043e\u043a\u0438\u043c. \u0422\u0430\u043a\u0430\u044f \u0432\u0435\u0441\u0435\u043d\u043d\u044f\u044f \u043a\u0440\u0430\u0441\u0438\u0432\u0430\u044f \u043f\u043e\u0433\u043e\u0434\u0430 \u0431\u0443\u0434\u0435\u0442&quot;, - \u0441\u043e\u043e\u0431\u0449\u0438\u043b \u043e\u043d.</p>\r\n\r\n<p>\u041f\u043e \u0434\u0430\u043d\u043d\u044b\u043c \u0413\u0438\u0434\u0440\u043e\u043c\u0435\u0442\u0446\u0435\u043d\u0442\u0440\u0430, \u0442\u0435\u043c\u043f\u0435\u0440\u0430\u0442\u0443\u0440\u043d\u044b\u0439 \u0444\u043e\u043d \u0432 \u0431\u043b\u0438\u0436\u0430\u0439\u0448\u0438\u0435 \u043f\u044f\u0442\u044c \u0434\u043d\u0435\u0439 \u0431\u0443\u0434\u0435\u0442 5-12 \u0433\u0440\u0430\u0434\u0443\u0441\u043e\u0432 \u0442\u0435\u043f\u043b\u0430.</p>\r\n\r\n<p>\u041e\u0434\u043d\u0430\u043a\u043e, \u043f\u043e \u0441\u043b\u043e\u0432\u0430\u043c \u0412\u0438\u043b\u044c\u0444\u0430\u043d\u0434\u0430, \u0440\u0430\u0441\u0441\u0447\u0438\u0442\u044b\u0432\u0430\u0442\u044c \u043d\u0430 \u0438\u0441\u0447\u0435\u0437\u043d\u043e\u0432\u0435\u043d\u0438\u0435 \u0441\u043d\u0435\u0436\u043d\u043e\u0433\u043e \u043f\u043e\u043a\u0440\u043e\u0432\u0430 \u0432 \u0431\u043b\u0438\u0436\u0430\u0439\u0448\u0435\u0435 \u0432\u0440\u0435\u043c\u044f \u0440\u0430\u043d\u043e. \u041c\u0438\u043d\u0438\u043c\u0443\u043c \u0434\u043e \u043a\u043e\u043d\u0446\u0430 \u0441\u043b\u0435\u0434\u0443\u044e\u0449\u0435\u0439 \u043d\u0435\u0434\u0435\u043b\u0438 \u0441\u043d\u0435\u0433 \u0431\u0443\u0434\u0435\u0442 \u043b\u0435\u0436\u0430\u0442\u044c. &quot;\u041e\u043d \u0441\u0435\u0439\u0447\u0430\u0441 \u043f\u043b\u043e\u0442\u043d\u044b\u0439, \u043d\u0430\u0441\u044b\u0449\u0435\u043d \u0432\u043e\u0434\u043e\u0439. \u041e\u0436\u0438\u0434\u0430\u0442\u044c, \u0447\u0442\u043e \u0441\u043d\u0435\u0433 \u043f\u043e\u043b\u043d\u043e\u0441\u0442\u044c\u044e \u0441\u043e\u0439\u0434\u0435\u0442 \u043a \u043a\u043e\u043d\u0446\u0443 \u0441\u043b\u0435\u0434\u0443\u044e\u0449\u0435\u0439 \u043d\u0435\u0434\u0435\u043b\u0438, \u0440\u0430\u043d\u043e&quot;, - \u043f\u043e\u044f\u0441\u043d\u0438\u043b \u043e\u043d.</p>\r\n</div>\r\n</div>", "created_date": "2022-03-19T10:23:18.738Z", "edit_date": "2022-03-19T10:21:27Z", "published_date": "2022-03-19T10:21:27Z", "image": "post/8889692538beaf09a045783c3c3b0449.jpg", "category": 1, "template": "blog/post_detail.html", "published": true, "viewed": 0, "status": false, "sort": 0, "tags": [1, 2]}}, {"model": "blog.post", "pk": 4, "fields": {"author": 5, "title": "\u0420\u043e\u043d\u0430\u043b\u0434\u0438\u043d\u044c\u043e \u043d\u0430\u0437\u0432\u0430\u043b \u041c\u0430\u043b\u044c\u0434\u0438\u043d\u0438 \u043b\u0443\u0447\u0448\u0438\u043c \u0444\u0443\u0442\u0431\u043e\u043b\u0438\u0441\u0442\u043e\u043c, \u0441 \u043a\u043e\u0442\u043e\u0440\u044b\u043c \u0435\u043c\u0443 \u0434\u043e\u0432\u0435\u043b\u043e\u0441\u044c \u0438\u0433\u0440\u0430\u0442\u044c", "slug": "ronaldino-nazval-maldini-luchshim-futbolistom-s-kotorym-emu-dovelos-igrat", "subtitle": null, "mini_text": "\u0411\u044b\u0432\u0448\u0438\u0439 \u043f\u043e\u043b\u0443\u0437\u0430\u0449\u0438\u0442\u043d\u0438\u043a \u00ab\u0411\u0430\u0440\u0441\u0435\u043b\u043e\u043d\u044b\u00bb \u0438 \u00ab\u041c\u0438\u043b\u0430\u043d\u0430\u00bb \u0420\u043e\u043d\u0430\u043b\u0434\u0438\u043d\u044c\u043e \u043d\u0430\u0437\u0432\u0430\u043b \u0441\u0430\u043c\u044b\u0445 \u0441\u0438\u043b\u044c\u043d\u044b\u0445 \u0438\u0433\u0440\u043e\u043a\u043e\u0432, \u0441 \u043a\u043e\u0442\u043e\u0440\u044b\u043c\u0438 \u0435\u043c\u0443 \u043f\u0440\u0438\u0445\u043e\u0434\u0438\u043b\u043e\u0441\u044c \u0438\u0433\u0440\u0430\u0442\u044c.", "text": "<p><span style=\"color:#2a2f37\">\u0411\u044b\u0432\u0448\u0438\u0439 \u043f\u043e\u043b\u0443\u0437\u0430\u0449\u0438\u0442\u043d\u0438\u043a &laquo;\u0411\u0430\u0440\u0441\u0435\u043b\u043e\u043d\u044b&raquo; \u0438 &laquo;\u041c\u0438\u043b\u0430\u043d\u0430&raquo; \u0420\u043e\u043d\u0430\u043b\u0434\u0438\u043d\u044c\u043e \u043d\u0430\u0437\u0432\u0430\u043b \u0441\u0430\u043c\u044b\u0445 \u0441\u0438\u043b\u044c\u043d\u044b\u0445 \u0438\u0433\u0440\u043e\u043a\u043e\u0432, \u0441&nbsp;\u043a\u043e\u0442\u043e\u0440\u044b\u043c\u0438 \u0435\u043c\u0443 \u043f\u0440\u0438\u0445\u043e\u0434\u0438\u043b\u043e\u0441\u044c \u0438\u0433\u0440\u0430\u0442\u044c.</span></p>\r\n\r\n<p><span style=\"color:#2a2f37\">&laquo;\u041d\u0430\u0447\u043d\u0443 \u0441&nbsp;\u0441\u0430\u043c\u043e\u0433\u043e \u043f\u0440\u043e\u0441\u0442\u043e\u0433\u043e. \u041b\u0443\u0447\u0448\u0438\u0439&nbsp;&mdash; \u041f\u0430\u043e\u043b\u043e \u041c\u0430\u043b\u044c\u0434\u0438\u043d\u0438. \u041e\u043d&nbsp;\u0432\u0441\u0435\u0433\u0434\u0430 \u0431\u044b\u043b \u0441\u043e\u0432\u0435\u0440\u0448\u0435\u043d\u043d\u044b\u043c \u0437\u0430\u0449\u0438\u0442\u043d\u0438\u043a\u043e\u043c \u0438\u0437&nbsp;\u0432\u0441\u0435\u0445, \u043a\u043e\u0433\u043e \u044f&nbsp;\u0432\u0438\u0434\u0435\u043b. \u041c\u043d\u0435 \u043f\u043e\u0441\u0447\u0430\u0441\u0442\u043b\u0438\u0432\u0438\u043b\u043e\u0441\u044c \u0434\u0430\u0436\u0435 \u043f\u043e\u0438\u0433\u0440\u0430\u0442\u044c \u0441&nbsp;\u043d\u0438\u043c \u0432&nbsp;\u043e\u0434\u043d\u043e\u0439 \u043a\u043e\u043c\u0430\u043d\u0434\u0435. \u0410&nbsp;\u0441\u0435\u0433\u043e\u0434\u043d\u044f \u043e\u043d&nbsp;\u043c\u043e\u0439 \u0434\u0440\u0443\u0433. \u041f\u043e\u044d\u0442\u043e\u043c\u0443 \u044f&nbsp;\u0434\u0440\u0443\u0433 \u0441\u0432\u043e\u0435\u0433\u043e \u043a\u0443\u043c\u0438\u0440\u0430.&nbsp;</span><span style=\"color:#2a2f37\">\u0410&nbsp;\u0447\u0442\u043e \u043a\u0430\u0441\u0430\u0435\u0442\u0441\u044f \u043b\u0443\u0447\u0448\u0435\u0433\u043e, \u0441&nbsp;\u043a\u0435\u043c \u044f&nbsp;\u0438\u0433\u0440\u0430\u043b, \u0442\u043e&nbsp;\u0432\u043e\u043f\u0440\u043e\u0441 \u0441\u043b\u043e\u0436\u043d\u044b\u0439. \u042f&nbsp;\u0438\u0433\u0440\u0430\u043b \u0441&nbsp;\u043b\u0435\u0433\u0435\u043d\u0434\u0430\u043c\u0438&nbsp;&mdash; \u0420\u043e\u043c\u0430\u0440\u0438\u043e, \u0420\u043e\u043d\u0430\u043b\u0434\u043e... \u041c\u043d\u0435 \u0441\u043b\u043e\u0436\u043d\u043e \u0432\u044b\u0431\u0440\u0430\u0442\u044c \u043a\u043e\u0433\u043e-\u0442\u043e \u043e\u0434\u043d\u043e\u0433\u043e</span>&raquo;<span style=\"color:#2a2f37\">,&nbsp;&mdash; \u0446\u0438\u0442\u0438\u0440\u0443\u0435\u0442 \u0420\u043e\u043d\u0430\u043b\u0434\u0438\u043d\u044c\u043e ESPN</span><span style=\"color:#2a2f37\">.</span></p>\r\n\r\n<p>\u0424\u0443\u0442\u0431\u043e\u043b\u0438\u0441\u0442\u044b \u0432\u043c\u0435\u0441\u0442\u0435 \u0438\u0433\u0440\u0430\u043b\u0438 \u0432 &laquo;\u041c\u0438\u043b\u0430\u043d\u0435&raquo;. \u0420\u043e\u043d\u0430\u043b\u0434\u0438\u043d\u044c\u043e \u0438\u0433\u0440\u0430\u043b \u0437\u0430&nbsp;\u043c\u0438\u043b\u0430\u043d\u0446\u0435\u0432 \u0441&nbsp;2008 \u043f\u043e&nbsp;2009 \u0433\u043e\u0434, \u041c\u0430\u043b\u044c\u0434\u0438\u043d\u0438&nbsp;&mdash; 1984&nbsp;&mdash; 2009.</p>", "created_date": "2022-03-24T18:02:00.129Z", "edit_date": "2022-03-24T17:58:49Z", "published_date": "2022-03-24T17:58:49Z", "image": "post/3425345.webp", "category": 2, "template": "blog/sport_detail.html", "published": true, "viewed": 0, "status": false, "sort": 0, "tags": [1, 4]}}, {"model": "blog.post", "pk": 5, "fields": {"author": 1, "title": "\u0410\u0448\u0440\u0430\u043c, \u043b\u0438\u0448\u0438\u0432\u0448\u0430\u044f \u0410\u0432\u0435\u0440\u0438\u043d\u0443 \u0437\u043e\u043b\u043e\u0442\u0430 \u043d\u0430 \u041e\u0418-2020, \u0440\u0435\u0448\u0438\u043b\u0430 \u0437\u0430\u0432\u0435\u0440\u0448\u0438\u0442\u044c \u043a\u0430\u0440\u044c\u0435\u0440\u0443", "slug": "ashram-lishivshaya-averinu-zolota-na-oi-2020-reshila-zavershit-kareru", "subtitle": null, "mini_text": "\u0410\u0448\u0440\u0430\u043c, \u043b\u0438\u0448\u0438\u0432\u0448\u0430\u044f \u0410\u0432\u0435\u0440\u0438\u043d\u0443 \u0437\u043e\u043b\u043e\u0442\u0430 \u043d\u0430 \u041e\u0418-2020, \u0440\u0435\u0448\u0438\u043b\u0430 \u0437\u0430\u0432\u0435\u0440\u0448\u0438\u0442\u044c \u043a\u0430\u0440\u044c\u0435\u0440\u0443", "text": "<p><strong>Sport.ru / <a class=\"auto-tag\" href=\"https://www.sport.ru/other/hudojestvennaya_gimnastika/\">\u0425\u0443\u0434\u043e\u0436\u0435\u0441\u0442\u0432\u0435\u043d\u043d\u0430\u044f \u0433\u0438\u043c\u043d\u0430\u0441\u0442\u0438\u043a\u0430</a></strong>. \u0427\u0435\u043c\u043f\u0438\u043e\u043d\u043a\u0430 \u041e\u043b\u0438\u043c\u043f\u0438\u0439\u0441\u043a\u0438\u0445 \u0438\u0433\u0440 2020 \u0433\u043e\u0434\u0430 \u043f\u043e \u0445\u0443\u0434\u043e\u0436\u0435\u0441\u0442\u0432\u0435\u043d\u043d\u043e\u0439 \u0433\u0438\u043c\u043d\u0430\u0441\u0442\u0438\u043a\u0435 \u0438\u0437\u0440\u0430\u0438\u043b\u044c\u0442\u044f\u043d\u043a\u0430 \u041b\u0438\u043d\u043e\u0439 \u0410\u0448\u0440\u0430\u043c \u043f\u0440\u0438\u043d\u044f\u043b\u0430 \u0440\u0435\u0448\u0435\u043d\u0438\u0435 \u0437\u0430\u0432\u0435\u0440\u0448\u0438\u0442\u044c \u043a\u0430\u0440\u044c\u0435\u0440\u0443, \u0441\u043e\u043e\u0431\u0449\u0430\u0435\u0442 \u0438\u0437\u0434\u0430\u043d\u0438\u0435 One.<br />\r\n<br />\r\n\u041f\u0440\u0435\u0434\u043f\u043e\u043b\u0430\u0433\u0430\u0435\u0442\u0441\u044f, \u0447\u0442\u043e \u043e\u043d\u0430 \u0432 \u0431\u043b\u0438\u0436\u0430\u0439\u0448\u0435\u0435 \u0432\u0440\u0435\u043c\u044f \u043f\u0440\u043e\u0432\u0435\u0434\u0451\u0442 \u043e\u0444\u0438\u0446\u0438\u0430\u043b\u044c\u043d\u0443\u044e \u043f\u0440\u0435\u0441\u0441-\u043a\u043e\u043d\u0444\u0435\u0440\u0435\u043d\u0446\u0438\u044e. \u041d\u0430 \u043d\u0435\u0439 \u0438 \u0431\u0443\u0434\u0435\u0442 \u043e\u0431\u044a\u044f\u0432\u043b\u0435\u043d\u043e \u043e \u0437\u0430\u0432\u0435\u0440\u0448\u0435\u043d\u0438\u0438 \u043a\u0430\u0440\u044c\u0435\u0440\u044b.<br />\r\n<br />\r\n\u0412 \u0434\u0430\u043b\u044c\u043d\u0435\u0439\u0448\u0435\u043c \u0410\u0448\u0440\u0430\u043c \u043c\u043e\u0436\u0435\u0442 \u0432\u043e\u0439\u0442\u0438 \u0432 \u0442\u0440\u0435\u043d\u0435\u0440\u0441\u043a\u0438\u0439 \u0448\u0442\u0430\u0431 \u0441\u0431\u043e\u0440\u043d\u043e\u0439 \u0418\u0437\u0440\u0430\u0438\u043b\u044f. \u041e\u043d\u0430 \u043f\u043e\u043b\u0443\u0447\u0438\u043b\u0430 \u0441\u043e\u043e\u0442\u0432\u0435\u0442\u0441\u0442\u0432\u0443\u044e\u0449\u0435\u0435 \u043f\u0440\u0435\u0434\u043b\u043e\u0436\u0435\u043d\u0438\u0435.<br />\r\n<br />\r\n\u0410\u0448\u0440\u0430\u043c \u043d\u0430 \u041e\u043b\u0438\u043c\u043f\u0438\u0430\u0434\u0435 \u0432 \u0422\u043e\u043a\u0438\u043e \u043e\u043f\u0435\u0440\u0435\u0434\u0438\u043b\u0430 \u0440\u043e\u0441\u0441\u0438\u044f\u043d\u043a\u0443 \u0414\u0438\u043d\u0443 \u0410\u0432\u0435\u0440\u0438\u043d\u0443. \u0420\u043e\u0441\u0441\u0438\u0439\u0441\u043a\u0430\u044f \u0441\u043f\u043e\u0440\u0442\u0441\u043c\u0435\u043d\u043a\u0430 \u0441\u0442\u0430\u043b\u0430 \u0432\u0442\u043e\u0440\u043e\u0439. \u041f\u043e\u0441\u043b\u0435 \u044d\u0442\u043e\u0433\u043e \u0440\u043e\u0441\u0441\u0438\u0439\u0441\u043a\u0430\u044f \u0441\u0442\u043e\u0440\u043e\u043d\u0430 \u043f\u043e\u0434\u0430\u0432\u0430\u043b\u0430 \u043f\u0440\u043e\u0442\u0435\u0441\u0442 \u043d\u0430 \u0441\u0443\u0434\u0435\u0439\u0441\u0442\u0432\u043e, \u043d\u043e \u043e\u043d \u043d\u0435 \u0443\u0432\u0435\u043d\u0447\u0430\u043b\u0441\u044f \u0443\u0441\u043f\u0435\u0445\u043e\u043c.<br />\r\n&nbsp;</p>", "created_date": "2022-03-24T18:06:19.791Z", "edit_date": "2022-03-24T18:05:27Z", "published_date": "2022-03-24T18:05:27Z", "image": "post/2.webp", "category": 2, "template": "blog/sport_detail.html", "published": true, "viewed": 0, "status": false, "sort": 0, "tags": [1, 4]}}, {"model": "blog.post", "pk": 6, "fields": {"author": 1, "title": "\u041f\u0440\u0430\u0432\u0438\u0442\u0435\u043b\u044c\u0441\u0442\u0432\u043e \u0412\u0435\u043b\u0438\u043a\u043e\u0431\u0440\u0438\u0442\u0430\u043d\u0438\u0438 \u0440\u0430\u0437\u0440\u0435\u0448\u0438\u043b\u043e \u0410\u0431\u0440\u0430\u043c\u043e\u0432\u0438\u0447\u0443 \u0432\u043b\u043e\u0436\u0438\u0442\u044c \u0432 \u00ab\u0427\u0435\u043b\u0441\u0438\u00bb \u0434\u043e 36 \u043c\u043b\u043d \u0435\u0432\u0440\u043e", "slug": "pravitelstvo-velikobritanii-razreshilo-abramovichu-vlozhit-v-chelsi-do-36-mln-evro", "subtitle": null, "mini_text": "\u041f\u0440\u0430\u0432\u0438\u0442\u0435\u043b\u044c\u0441\u0442\u0432\u043e \u0412\u0435\u043b\u0438\u043a\u043e\u0431\u0440\u0438\u0442\u0430\u043d\u0438\u0438 \u0440\u0430\u0437\u0440\u0435\u0448\u0438\u043b\u043e \u0410\u0431\u0440\u0430\u043c\u043e\u0432\u0438\u0447\u0443 \u0432\u043b\u043e\u0436\u0438\u0442\u044c \u0432 \u00ab\u0427\u0435\u043b\u0441\u0438\u00bb \u0434\u043e 36 \u043c\u043b\u043d \u0435\u0432\u0440\u043e", "text": "<div>\r\n<div><strong>\u041c\u041e\u0421\u041a\u0412\u0410, 24 \u043c\u0430\u0440 &mdash; \u0420\u0418\u0410 \u041d\u043e\u0432\u043e\u0441\u0442\u0438.</strong> \u041f\u0440\u0430\u0432\u0438\u0442\u0435\u043b\u044c\u0441\u0442\u0432\u043e \u0412\u0435\u043b\u0438\u043a\u043e\u0431\u0440\u0438\u0442\u0430\u043d\u0438\u0438 \u0432\u043d\u0435\u0441\u043b\u043e \u0438\u0437\u043c\u0435\u043d\u0435\u043d\u0438\u044f \u0432 \u0444\u0438\u043d\u0430\u043d\u0441\u043e\u0432\u0443\u044e \u043b\u0438\u0446\u0435\u043d\u0437\u0438\u044e \u043b\u043e\u043d\u0434\u043e\u043d\u0441\u043a\u043e\u0433\u043e &quot;\u0427\u0435\u043b\u0441\u0438&quot;, \u0441\u043e\u043e\u0431\u0449\u0438\u043b \u0442\u0435\u043b\u0435\u043a\u0430\u043d\u0430\u043b <a href=\"https://www.skysports.com/football/news/11668/12573644/chelsea-restrictions-fans-now-able-to-buy-certain-match-tickets-after-government-licence-amended\" target=\"_blank\">Sky News</a>.</div>\r\n</div>\r\n\r\n<div>\r\n<div>\u0422\u0430\u043a, \u0443\u0447\u0440\u0435\u0434\u0438\u0442\u0435\u043b\u044c \u0444\u0443\u0442\u0431\u043e\u043b\u044c\u043d\u043e\u0433\u043e \u043a\u043b\u0443\u0431\u0430 Fordstam Ltd, \u043f\u0440\u0438\u043d\u0430\u0434\u043b\u0435\u0436\u0430\u0449\u0438\u0439 \u0420\u043e\u043c\u0430\u043d\u0443 \u0410\u0431\u0440\u0430\u043c\u043e\u0432\u0438\u0447\u0443, \u043c\u043e\u0436\u0435\u0442 \u0432\u043b\u043e\u0436\u0438\u0442\u044c \u0432 &quot;\u0427\u0435\u043b\u0441\u0438&quot; \u0434\u043e 30 \u043c\u0438\u043b\u043b\u0438\u043e\u043d\u043e\u0432 \u0444\u0443\u043d\u0442\u043e\u0432, \u0447\u0442\u043e\u0431\u044b \u043f\u043e\u0434\u0434\u0435\u0440\u0436\u0430\u0442\u044c \u0435\u0433\u043e \u0434\u0435\u044f\u0442\u0435\u043b\u044c\u043d\u043e\u0441\u0442\u044c \u043d\u0430 \u0444\u043e\u043d\u0435 \u043f\u0440\u043e\u0431\u043b\u0435\u043c \u0441 \u043b\u0438\u043a\u0432\u0438\u0434\u043d\u043e\u0441\u0442\u044c\u044e.</div>\r\n</div>\r\n\r\n<div>\r\n<div>\u0412\u043b\u0430\u0441\u0442\u0438 \u0421\u043e\u0435\u0434\u0438\u043d\u0435\u043d\u043d\u043e\u0433\u043e \u041a\u043e\u0440\u043e\u043b\u0435\u0432\u0441\u0442\u0432\u0430 10 \u043c\u0430\u0440\u0442\u0430 \u0432\u0432\u0435\u043b\u0438 \u0441\u0430\u043d\u043a\u0446\u0438\u0438 \u043f\u0440\u043e\u0442\u0438\u0432 \u0441\u0435\u043c\u0438 \u0440\u043e\u0441\u0441\u0438\u0439\u0441\u043a\u0438\u0445 \u0431\u0438\u0437\u043d\u0435\u0441\u043c\u0435\u043d\u043e\u0432, \u0432 \u0442\u043e\u043c \u0447\u0438\u0441\u043b\u0435 \u0410\u0431\u0440\u0430\u043c\u043e\u0432\u0438\u0447\u0430. \u041f\u043e\u043f\u0430\u0432\u0448\u0438\u043c \u043f\u043e\u0434 \u043e\u0433\u0440\u0430\u043d\u0438\u0447\u0435\u043d\u0438\u044f \u0437\u0430\u043f\u0440\u0435\u0442\u0438\u043b\u0438 \u0432\u044a\u0435\u0437\u0434 \u0432 \u0412\u0435\u043b\u0438\u043a\u043e\u0431\u0440\u0438\u0442\u0430\u043d\u0438\u044e, \u0430 \u0438\u0445 \u0430\u043a\u0442\u0438\u0432\u044b \u0432 \u0441\u0442\u0440\u0430\u043d\u0435 \u043f\u043e\u0434\u043b\u0435\u0436\u0430\u0442 \u0437\u0430\u043c\u043e\u0440\u043e\u0437\u043a\u0435.</div>\r\n\r\n<div><img alt=\"\" src=\"https://cdnn21.img.ria.ru/images/07e6/03/11/1778709755_0:0:3641:2048_1280x0_80_0_0_989cdef544532874b33b98fb78a843ef.jpg.webp\" style=\"height:256px; width:459px\" /></div>\r\n</div>\r\n\r\n<div>\r\n<div>&nbsp;</div>\r\n</div>\r\n\r\n<div>\r\n<div>&nbsp;</div>\r\n\r\n<div>\u0410\u043d\u0433\u043b\u0438\u0439\u0441\u043a\u0430\u044f \u043f\u0440\u0435\u043c\u044c\u0435\u0440-\u043b\u0438\u0433\u0430 \u043e\u0442\u0441\u0442\u0440\u0430\u043d\u0438\u043b\u0430 \u0410\u0431\u0440\u0430\u043c\u043e\u0432\u0438\u0447\u0430 \u043e\u0442 \u0443\u043f\u0440\u0430\u0432\u043b\u0435\u043d\u0438\u044f &quot;\u0427\u0435\u043b\u0441\u0438&quot;, \u043a\u043e\u0442\u043e\u0440\u044b\u043c \u043e\u043d \u0432\u043b\u0430\u0434\u0435\u0435\u0442 \u0441 2003 \u0433\u043e\u0434\u0430.</div>\r\n</div>\r\n\r\n<div>\r\n<div>&nbsp;</div>\r\n</div>\r\n\r\n<div>\r\n<div>\u041f\u0440\u0435\u0434\u043f\u0440\u0438\u043d\u0438\u043c\u0430\u0442\u0435\u043b\u044c \u043f\u0435\u0440\u0435\u0434\u0430\u043b \u0443\u043f\u0440\u0430\u0432\u043b\u0435\u043d\u0438\u0435 \u0444\u0443\u0442\u0431\u043e\u043b\u044c\u043d\u044b\u043c \u043a\u043b\u0443\u0431\u043e\u043c \u043f\u043e\u043f\u0435\u0447\u0438\u0442\u0435\u043b\u044f\u043c \u0431\u043b\u0430\u0433\u043e\u0442\u0432\u043e\u0440\u0438\u0442\u0435\u043b\u044c\u043d\u043e\u0433\u043e \u0444\u043e\u043d\u0434\u0430 \u0438 \u0437\u0430\u044f\u0432\u0438\u043b, \u0447\u0442\u043e \u0440\u0435\u0448\u0438\u043b \u0435\u0433\u043e \u043f\u0440\u043e\u0434\u0430\u0442\u044c. \u0411\u0440\u0438\u0442\u0430\u043d\u0441\u043a\u043e\u0435 \u043f\u0440\u0430\u0432\u0438\u0442\u0435\u043b\u044c\u0441\u0442\u0432\u043e \u0434\u043e\u043b\u0436\u043d\u043e \u043e\u0434\u043e\u0431\u0440\u0438\u0442\u044c \u043b\u0438\u0446\u0435\u043d\u0437\u0438\u044e \u043d\u0430 \u043f\u0440\u043e\u0434\u0430\u0436\u0443, \u043d\u043e \u043e\u043d\u0430 \u043d\u0435 \u043f\u043e\u0437\u0432\u043e\u043b\u0438\u0442 \u0410\u0431\u0440\u0430\u043c\u043e\u0432\u0438\u0447\u0443 \u043f\u043e\u043b\u0443\u0447\u0438\u0442\u044c \u043a\u0430\u043a\u0438\u0435-\u043b\u0438\u0431\u043e \u0434\u043e\u0445\u043e\u0434\u044b.</div>\r\n</div>", "created_date": "2022-03-24T18:08:52.762Z", "edit_date": "2022-03-24T18:06:35Z", "published_date": "2022-03-24T18:06:35Z", "image": "post/3.webp", "category": 2, "template": "blog/sport_detail.html", "published": true, "viewed": 0, "status": false, "sort": 0, "tags": [1]}}, {"model": "blog.post", "pk": 7, "fields": {"author": 1, "title": "\u0422\u0443\u0440\u043d\u0438\u0440 \u043f\u043e \u0431\u0430\u0441\u043a\u0435\u0442\u0431\u043e\u043b\u0443 \u043f\u0430\u043c\u044f\u0442\u0438 \u0437\u0430\u0441\u043b\u0443\u0436\u0435\u043d\u043d\u043e\u0433\u043e \u0434\u0435\u044f\u0442\u0435\u043b\u044f \u043d\u0430\u0443\u043a \u0420\u0424 \u042e.\u0420\u0435\u0437\u043d\u0438\u043a\u0430 \u0441\u0442\u0430\u0440\u0442\u043e\u0432\u0430\u043b \u0432 \u0427\u0438\u0442\u0435", "slug": "turnir-po-basketbolu-pamyati-zasluzhennogo-deyatelya-nauk-rf-yureznika-startoval-v-chite", "subtitle": null, "mini_text": "\u0412 \u0427\u0438\u0442\u0435 \u043f\u0440\u043e\u0445\u043e\u0434\u0438\u0442 \u0432\u043e\u0441\u044c\u043c\u043e\u0439 \u043f\u043e \u0441\u0447\u0435\u0442\u0443 \u043c\u0435\u0436\u0440\u0435\u0433\u0438\u043e\u043d\u0430\u043b\u044c\u043d\u044b\u0439 \u0442\u0443\u0440\u043d\u0438\u0440 \u043f\u043e \u0431\u0430\u0441\u043a\u0435\u0442\u0431\u043e\u043b\u0443, \u043f\u043e\u0441\u0432\u044f\u0449\u0435\u043d\u043d\u044b\u0439 \u043f\u0430\u043c\u044f\u0442\u0438 \u0437\u0430\u0441\u043b\u0443\u0436\u0435\u043d\u043d\u043e\u0433\u043e \u0434\u0435\u044f\u0442\u0435\u043b\u044f \u043d\u0430\u0443\u043a\u0438 \u0420\u043e\u0441\u0441\u0438\u0439\u0441\u043a\u043e\u0439 \u0424\u0435\u0434\u0435\u0440\u0430\u0446\u0438\u0438, \u043f\u0440\u043e\u0444\u0435\u0441\u0441\u043e\u0440\u0430 \u042e\u0440\u0438\u044f \u041d\u0438\u043a\u043e\u043b\u0430\u0435\u0432\u0438\u0447\u0430 \u0420\u0435\u0437\u043d\u0438\u043a\u0430.", "text": "<p><span style=\"background-color:#ffffff; color:#000000\">\u0412 \u0427\u0438\u0442\u0435 \u043f\u0440\u043e\u0445\u043e\u0434\u0438\u0442 \u0432\u043e\u0441\u044c\u043c\u043e\u0439 \u043f\u043e \u0441\u0447\u0435\u0442\u0443 \u043c\u0435\u0436\u0440\u0435\u0433\u0438\u043e\u043d\u0430\u043b\u044c\u043d\u044b\u0439 \u0442\u0443\u0440\u043d\u0438\u0440 \u043f\u043e \u0431\u0430\u0441\u043a\u0435\u0442\u0431\u043e\u043b\u0443, \u043f\u043e\u0441\u0432\u044f\u0449\u0435\u043d\u043d\u044b\u0439 \u043f\u0430\u043c\u044f\u0442\u0438 \u0437\u0430\u0441\u043b\u0443\u0436\u0435\u043d\u043d\u043e\u0433\u043e \u0434\u0435\u044f\u0442\u0435\u043b\u044f \u043d\u0430\u0443\u043a\u0438 \u0420\u043e\u0441\u0441\u0438\u0439\u0441\u043a\u043e\u0439 \u0424\u0435\u0434\u0435\u0440\u0430\u0446\u0438\u0438, \u043f\u0440\u043e\u0444\u0435\u0441\u0441\u043e\u0440\u0430 \u042e\u0440\u0438\u044f \u041d\u0438\u043a\u043e\u043b\u0430\u0435\u0432\u0438\u0447\u0430 \u0420\u0435\u0437\u043d\u0438\u043a\u0430.</span></p>\r\n\r\n<p>&nbsp;</p>\r\n\r\n<p><br />\r\n<span style=\"background-color:#ffffff; color:#000000\">\u0422\u0443\u0440\u043d\u0438\u0440 \u043f\u0430\u043c\u044f\u0442\u0438 \u043f\u0435\u0440\u0432\u043e\u0433\u043e \u0440\u0435\u043a\u0442\u043e\u0440\u0430 \u0417\u0430\u0431\u0430\u0439\u043a\u0430\u043b\u044c\u0441\u043a\u043e\u0433\u043e \u0433\u043e\u0441\u0443\u043d\u0438\u0432\u0435\u0440\u0441\u0438\u0442\u0435\u0442\u0430 \u042e\u0440\u0438\u044f \u041d\u0438\u043a\u043e\u043b\u0430\u0435\u0432\u0438\u0447\u0430 \u0420\u0435\u0437\u043d\u0438\u043a\u0430 \u0443\u0436\u0435 \u043f\u043e \u0442\u0440\u0430\u0434\u0438\u0446\u0438\u0438 \u043f\u0440\u043e\u0445\u043e\u0434\u0438\u0442 \u0432 \u0441\u043f\u043e\u0440\u0442\u0438\u0432\u043d\u043e\u043c \u0424\u041e\u041a\u0435 \u0417\u0430\u0431\u0413\u0423. \u0412 \u044d\u0442\u043e\u043c \u0433\u043e\u0434\u0443 \u0438\u0433\u0440\u0430\u044e\u0442 \u0448\u0435\u0441\u0442\u044c \u043c\u0443\u0436\u0441\u043a\u0438\u0445 \u0438 \u0442\u0440\u0438 \u0436\u0435\u043d\u0441\u043a\u0438\u0445 \u0431\u0430\u0441\u043a\u0435\u0442\u0431\u043e\u043b\u044c\u043d\u044b\u0445 \u043a\u043e\u043c\u0430\u043d\u0434 \u0438\u0437 \u0427\u0438\u0442\u044b \u0438 \u0423\u043b\u0430\u043d-\u0423\u0434\u044d. \u041d\u0430\u0448\u0438 \u0434\u0435\u0432\u043e\u0447\u043a\u0438 \u043d\u0430\u043a\u0430\u043d\u0443\u043d\u0435 \u043e\u0431\u044b\u0433\u0440\u0430\u043b\u0438 \u0441\u043f\u043e\u0440\u0442\u0441\u043c\u0435\u043d\u043e\u043a \u0438\u0437 \u0411\u0443\u0440\u044f\u0442\u0438\u0438, \u0441 \u043f\u0440\u0435\u0438\u043c\u0443\u0449\u0435\u0441\u0442\u0432\u043e\u043c \u0432 \u0434\u0432\u0430 \u043e\u0447\u043a\u0430. \u0412\u0441\u0435 \u0440\u0435\u0448\u0430\u043b\u043e\u0441\u044c \u043d\u0430 \u043f\u043e\u0441\u043b\u0435\u0434\u043d\u0438\u0445 \u0441\u0435\u043a\u0443\u043d\u0434\u0430\u0445.</span><br />\r\n<br />\r\n<strong>\u0421\u0432\u0435\u0442\u043b\u0430\u043d\u0430 \u041a\u0443\u043d\u043d\u0438\u043a\u043e\u0432\u0430, \u0438\u0433\u0440\u043e\u043a \u043a\u043e\u043c\u0430\u043d\u0434\u044b \u0417\u0430\u0431\u0413\u0423:</strong><span style=\"background-color:#ffffff; color:#000000\">&nbsp;</span><em>&quot;\u0418\u0433\u0440\u0430 \u043f\u0440\u043e\u0448\u043b\u0430 \u0434\u043e\u0441\u0442\u0430\u0442\u043e\u0447\u043d\u043e \u0445\u043e\u0440\u043e\u0448\u043e, \u043d\u043e \u0431\u044b\u043b\u0438 \u0442\u0440\u0443\u0434\u043d\u043e\u0441\u0442\u0438, \u0441 \u043a\u043e\u0442\u043e\u0440\u044b\u043c\u0438 \u043c\u044b \u0441\u0442\u043e\u043b\u043a\u043d\u0443\u043b\u0438\u0441\u044c. \u0412 \u0442\u0440\u0435\u0442\u044c\u0435\u0439 \u0447\u0435\u0442\u0432\u0435\u0440\u0442\u0438 \u043c\u044b \u043c\u043d\u043e\u0433\u043e \u043f\u043e\u0442\u0435\u0440\u044f\u043b\u0438 \u043e\u0447\u043a\u043e\u0432, \u043a\u043e\u0442\u043e\u0440\u044b\u0435 \u043e\u0442\u044b\u0433\u0440\u0430\u043b\u0438 \u0432 \u043f\u0435\u0440\u0432\u043e\u0439, \u0432\u0442\u043e\u0440\u043e\u0439 \u0447\u0435\u0442\u0432\u0435\u0440\u0442\u0438. \u0418\u0433\u0440\u0430 \u0431\u044b\u043b\u0430 \u0434\u043e\u0441\u0442\u0430\u0442\u043e\u0447\u043d\u043e \u0441\u043b\u043e\u0436\u043d\u043e\u0439, \u043d\u0430\u0441\u044b\u0449\u0435\u043d\u043d\u043e\u0439. \u041e\u0447\u0435\u043d\u044c \u043c\u043d\u043e\u0433\u043e \u0431\u0435\u0433\u0430\u043b\u0438, \u0443\u0441\u0442\u0430\u043b\u0438, \u043d\u043e \u0432 \u0438\u0442\u043e\u0433\u0435 \u043f\u043e\u0431\u0435\u0434\u0438\u043b\u0438&quot;.</em><br />\r\n<br />\r\n<span style=\"background-color:#ffffff; color:#000000\">\u041d\u0435 \u043c\u0435\u043d\u0435\u0435 \u043d\u0430\u043f\u0440\u044f\u0436\u0435\u043d\u043d\u0430\u044f \u0438\u0433\u0440\u0430 \u0438\u0434\u0435\u0442 \u0441\u0435\u0439\u0447\u0430\u0441 \u0438 \u0443 \u043c\u0443\u0436\u0441\u043a\u0438\u0445 \u043a\u043e\u043c\u0430\u043d\u0434. \u0421\u043e\u0441\u0442\u044f\u0437\u0430\u044e\u0442\u0441\u044f \u043a\u0430\u043a \u043e\u043f\u044b\u0442\u043d\u044b\u0435, \u0442\u0430\u043a \u0438 \u0441\u043e\u0432\u0441\u0435\u043c \u043d\u043e\u0432\u0438\u0447\u043a\u0438.</span><br />\r\n<br />\r\n<strong>\u0410\u043b\u0435\u043a\u0441\u0430\u043d\u0434\u0440 \u0411\u0443\u0442\u043e\u0440\u0438\u043d, \u043d\u0430\u0447\u0430\u043b\u044c\u043d\u0438\u043a \u0441\u043f\u043e\u0440\u0442\u0438\u0432\u043d\u043e\u0433\u043e \u043a\u043b\u0443\u0431\u0430 \u0417\u0430\u0431\u0413\u0423:</strong><span style=\"background-color:#ffffff; color:#000000\">&nbsp;</span><em>&quot;\u0428\u0435\u0441\u0442\u044c \u043a\u043e\u043c\u0430\u043d\u0434 \u0438\u0433\u0440\u0430\u044e\u0442 \u043a\u0440\u0443\u0433. \u0427\u0435\u0442\u044b\u0440\u0435 \u043a\u043e\u043c\u0430\u043d\u0434\u044b \u043f\u043e \u0438\u0442\u043e\u0433\u0430\u043c \u0433\u0440\u0443\u043f\u043f\u043e\u0432\u043e\u0433\u043e \u044d\u0442\u0430\u043f\u0430 \u0431\u0443\u0434\u0443\u0442 \u0438\u0433\u0440\u0430\u0442\u044c \u0441\u0435\u0440\u0438\u044e \u043f\u043b\u0435\u0439-\u043e\u0444\u0444 \u0438 \u0442\u0430\u043c \u0443\u0436\u0435 \u043e\u043f\u0440\u0435\u0434\u0435\u043b\u0438\u0442\u0441\u044f \u043f\u043e\u0431\u0435\u0434\u0438\u0442\u0435\u043b\u044c&quot;.</em><br />\r\n<br />\r\n<span style=\"background-color:#ffffff; color:#000000\">\u0422\u0443\u0440\u043d\u0438\u0440 \u043f\u0440\u043e\u0434\u043b\u0438\u0442\u0441\u044f \u0434\u043e 27 \u043c\u0430\u0440\u0442\u0430. \u041f\u043e\u0431\u0435\u0434\u0438\u0442\u0435\u043b\u0438 \u0438 \u043f\u0440\u0438\u0437\u0435\u0440\u044b \u043f\u043e\u043b\u0443\u0447\u0430\u0442 \u043a\u0443\u0431\u043a\u0438 \u0438 \u0434\u0438\u043f\u043b\u043e\u043c\u044b. \u041e\u0441\u043e\u0431\u043e \u043e\u0442\u043b\u0438\u0447\u0438\u0432\u0448\u0438\u0435\u0441\u044f \u0432 \u0438\u0433\u0440\u0435 - \u0436\u0434\u0443\u0442 \u0441\u043f\u0435\u0446\u0438\u0430\u043b\u044c\u043d\u044b\u0435 \u043f\u0440\u0438\u0437\u044b.</span></p>", "created_date": "2022-03-26T10:08:18.512Z", "edit_date": "2022-03-26T09:52:53Z", "published_date": "2022-03-26T09:52:53Z", "image": "post/ae5caa520d129388f8e2852b8b453909.jpg", "category": 5, "template": "blog/sport_detail.html", "published": true, "viewed": 0, "status": false, "sort": 0, "tags": [1, 4]}}, {"model": "blog.post", "pk": 8, "fields": {"author": 1, "title": "5 \u0432\u0434\u043e\u0445\u043d\u043e\u0432\u043b\u044f\u044e\u0449\u0438\u0445 \u0441\u043f\u043e\u0440\u0442\u0438\u0432\u043d\u044b\u0445 \u0441\u0435\u0440\u0438\u0430\u043b\u043e\u0432 \u0434\u043b\u044f \u0445\u043e\u0440\u043e\u0448\u0435\u0433\u043e \u0432\u0435\u0447\u0435\u0440\u0430", "slug": "5-vdohnovlyayushih-sportivnyh-serialov-dlya-horoshego-vechera", "subtitle": null, "mini_text": "5 \u0432\u0434\u043e\u0445\u043d\u043e\u0432\u043b\u044f\u044e\u0449\u0438\u0445 \u0441\u043f\u043e\u0440\u0442\u0438\u0432\u043d\u044b\u0445 \u0441\u0435\u0440\u0438\u0430\u043b\u043e\u0432 \u0434\u043b\u044f \u0445\u043e\u0440\u043e\u0448\u0435\u0433\u043e \u0432\u0435\u0447\u0435\u0440\u0430", "text": "<pre style=\"margin-left:0px; margin-right:0px\">\r\n\u0425\u0443\u0434\u043e\u0436\u0435\u0441\u0442\u0432\u0435\u043d\u043d\u044b\u0435 \u0438 \u0434\u043e\u043a\u0443\u043c\u0435\u043d\u0442\u0430\u043b\u044c\u043d\u044b\u0435 \u043c\u043d\u043e\u0433\u043e\u0441\u0435\u0440\u0438\u0439\u043a\u0438, \u043a\u043e\u0442\u043e\u0440\u044b\u0435 \u043e\u0441\u043e\u0431\u0435\u043d\u043d\u043e \u043f\u043e\u043d\u0440\u0430\u0432\u044f\u0442\u0441\u044f \u0444\u0430\u043d\u0430\u0442\u0430\u043c \u0425\u044d\u043c\u0438\u043b\u0442\u043e\u043d\u0430, \u0414\u0436\u043e\u0440\u0434\u0430\u043d\u0430 \u0438 \u0421\u043a\u0430\u043b\u044b.\r\n\u0418\u043d\u043e\u0433\u0434\u0430 \u0445\u043e\u0447\u0435\u0442\u0441\u044f \u043d\u0435 \u043f\u0440\u043e\u0441\u0442\u043e \u0443\u0437\u043d\u0430\u0442\u044c \u0438\u0441\u0442\u043e\u0440\u0438\u044e, \u0440\u0430\u0441\u0441\u043a\u0430\u0437\u0430\u043d\u043d\u0443\u044e \u0441 \u044d\u043a\u0440\u0430\u043d\u0430, \u0430 \u0441\u043b\u0435\u0434\u043e\u0432\u0430\u0442\u044c \u0437\u0430 \u043d\u0435\u0439 \u043d\u0430 \u043f\u0440\u043e\u0442\u044f\u0436\u0435\u043d\u0438\u0438 \u0434\u043e\u043b\u0433\u043e\u0433\u043e \u0432\u0440\u0435\u043c\u0435\u043d\u0438. \u0418\u043c\u0435\u043d\u043d\u043e \u0434\u043b\u044f \u0442\u0430\u043a\u0438\u0445 \u0441\u043b\u0443\u0447\u0430\u0435\u0432 \u0441\u043e\u0437\u0434\u0430\u043b\u0438 \u0441\u0435\u0440\u0438\u0430\u043b\u044b. \u041c\u044b \u0441\u043e\u0431\u0440\u0430\u043b\u0438 \u043d\u0435\u0441\u043a\u043e\u043b\u044c\u043a\u043e \u043b\u0435\u043d\u0442, \u043a\u043e\u0442\u043e\u0440\u044b\u0435 \u0432\u0434\u043e\u0445\u043d\u043e\u0432\u044f\u0442 \u0432\u0430\u0441 \u043d\u0430 \u043f\u0435\u0440\u0435\u043c\u0435\u043d\u044b \u0432 \u0436\u0438\u0437\u043d\u0438.\r\n\r\n&laquo;\u041c\u043e\u043b\u043e\u0434\u043e\u0439 \u0421\u043a\u0430\u043b\u0430&raquo; (2021)\r\n\u0421\u0435\u0440\u0438\u0430\u043b, \u0440\u0430\u0441\u0441\u043a\u0430\u0437\u044b\u0432\u0430\u044e\u0449\u0438\u0439 \u043e \u0434\u0435\u0442\u0441\u0442\u0432\u0435 \u0438 \u044e\u043d\u043e\u0448\u0435\u0441\u0442\u0432\u0435 \u0441\u043f\u043e\u0440\u0442\u0441\u043c\u0435\u043d\u0430 \u0438 \u0430\u043a\u0442\u0451\u0440\u0430 \u0414\u0443\u044d\u0439\u043d\u0430 &laquo;\u0421\u043a\u0430\u043b\u044b&raquo; \u0414\u0436\u043e\u043d\u0441\u043e\u043d\u0430.\r\n<img src=\"/media/uploads/2022/03/26/image-20220326191414-1.png\" style=\"height:624px; width:920px\" />\r\n\r\n\u0424\u041e\u0422\u041e: \u041a\u0410\u0414\u0420 \u0418\u0417 \u0421\u0415\u0420\u0418\u0410\u041b\u0410 &laquo;\u041c\u041e\u041b\u041e\u0414\u041e\u0419 \u0421\u041a\u0410\u041b\u0410&raquo;\r\n\r\n\u0412 \u043a\u0430\u0440\u0442\u0438\u043d\u0435 \u043c\u043d\u043e\u0433\u043e \u0441\u0430\u043c\u043e\u0438\u0440\u043e\u043d\u0438\u0438 \u0438 \u0441\u0430\u043c\u043e\u0433\u043e \u0421\u043a\u0430\u043b\u044b, \u043a\u0430\u0440\u0442\u0438\u043d\u043a\u0430 \u043e\u0447\u0435\u043d\u044c \u0430\u0442\u043c\u043e\u0441\u0444\u0435\u0440\u043d\u0430\u044f, \u0430 \u0444\u0430\u043a\u0442\u044b \u0431\u0438\u043e\u0433\u0440\u0430\u0444\u0438\u0438 \u0441\u043a\u043b\u0430\u0434\u044b\u0432\u0430\u044e\u0442\u0441\u044f \u0432 \u0437\u0430\u0445\u0432\u0430\u0442\u044b\u0432\u0430\u044e\u0449\u0438\u0439 \u0441\u044e\u0436\u0435\u0442. \u041e\u0447\u0435\u043d\u044c \u043b\u0451\u0433\u043a\u0438\u0439 \u0441\u0435\u0440\u0438\u0430\u043b, \u043a\u043e\u0442\u043e\u0440\u044b\u0439 \u0443\u0447\u0438\u0442 \u043d\u0435 \u0441\u0434\u0430\u0432\u0430\u0442\u044c\u0441\u044f, \u0432\u0435\u0440\u0438\u0442\u044c \u0432 \u0441\u0435\u0431\u044f \u0438 \u043f\u0440\u0438\u043b\u0430\u0433\u0430\u0442\u044c \u0443\u0441\u0438\u043b\u0438\u044f, \u0447\u0442\u043e\u0431\u044b \u0441\u0442\u0430\u0442\u044c \u043b\u0435\u0433\u0435\u043d\u0434\u043e\u0439.\r\n\r\n</pre>", "created_date": "2022-03-26T16:14:39.533Z", "edit_date": "2022-03-26T16:13:11Z", "published_date": "2022-03-26T16:13:11Z", "image": "post/bask.jpg", "category": 5, "template": "blog/post_detail.html", "published": true, "viewed": 0, "status": false, "sort": 0, "tags": [1, 4]}}, {"model": "blog.post", "pk": 9, "fields": {"author": 1, "title": "\u0421\u0431\u043e\u0440\u043d\u0430\u044f \u0420\u043e\u0441\u0441\u0438\u0438 \u043f\u043e\u0431\u0435\u0434\u0438\u043b\u0430 \u043c\u043e\u043b\u043e\u0434\u0435\u0436\u043d\u0443\u044e \u043a\u043e\u043c\u0430\u043d\u0434\u0443 \u0432 \u0442\u0440\u0435\u043d\u0438\u0440\u043e\u0432\u043e\u0447\u043d\u043e\u043c \u043c\u0430\u0442\u0447\u0435", "slug": "sbornaya-rossii-pobedila-molodezhnuyu-komandu-v-trenirovochnom-matche", "subtitle": null, "mini_text": "\u0421\u0431\u043e\u0440\u043d\u0430\u044f \u0420\u043e\u0441\u0441\u0438\u0438 \u043f\u043e\u0431\u0435\u0434\u0438\u043b\u0430 \u043c\u043e\u043b\u043e\u0434\u0435\u0436\u043d\u0443\u044e \u043a\u043e\u043c\u0430\u043d\u0434\u0443 \u0432 \u0442\u0440\u0435\u043d\u0438\u0440\u043e\u0432\u043e\u0447\u043d\u043e\u043c \u043c\u0430\u0442\u0447\u0435", "text": "<p style=\"margin-left:0px; margin-right:0px\"><span style=\"color:#2a2f37\">26&nbsp;\u043c\u0430\u0440\u0442\u0430 \u043d\u0430&nbsp;\u0431\u0430\u0437\u0435 \u0432&nbsp;\u041d\u043e\u0432\u043e\u0433\u043e\u0440\u0441\u043a\u0435 \u043f\u0440\u043e\u0448\u043b\u043e \u0441\u043e\u0432\u043c\u0435\u0441\u0442\u043d\u043e\u0435 \u0437\u0430\u043d\u044f\u0442\u0438\u0435 \u043d\u0430\u0446\u0438\u043e\u043d\u0430\u043b\u044c\u043d\u043e\u0439 \u0438&nbsp;\u043c\u043e\u043b\u043e\u0434\u0435\u0436\u043d\u043e\u0439 \u0441\u0431\u043e\u0440\u043d\u044b\u0445 \u0420\u043e\u0441\u0441\u0438\u0438. \u041e\u043d\u043e \u0437\u0430\u043a\u043e\u043d\u0447\u0438\u043b\u043e\u0441\u044c \u0434\u0432\u0443\u0441\u0442\u043e\u0440\u043e\u043d\u043d\u0438\u043c \u043c\u0430\u0442\u0447\u0435\u043c.</span></p>\r\n\r\n<p style=\"margin-left:0px; margin-right:0px\">\u0412\u0437\u0440\u043e\u0441\u043b\u0430\u044f \u0441\u0431\u043e\u0440\u043d\u0430\u044f \u0420\u043e\u0441\u0441\u0438\u0438 \u043e\u0434\u0435\u0440\u0436\u0430\u043b\u0430 \u043f\u043e\u0431\u0435\u0434\u0443 \u0441&nbsp;\u043c\u0438\u043d\u0438\u043c\u0430\u043b\u044c\u043d\u044b\u043c \u0441\u0447\u0435\u0442\u043e\u043c&nbsp;&mdash; 1:0. \u0410\u0432\u0442\u043e\u0440\u043e\u043c \u043f\u043e\u0431\u0435\u0434\u043d\u043e\u0433\u043e \u043c\u044f\u0447\u0430 \u0432&nbsp;\u0441\u0435\u0440\u0435\u0434\u0438\u043d\u0435 \u043f\u0435\u0440\u0432\u043e\u0433\u043e \u0442\u0430\u0439\u043c\u0430 \u0441\u0442\u0430\u043b \u043d\u0430\u043f\u0430\u0434\u0430\u044e\u0449\u0438\u0439 \u041a\u043e\u043d\u0441\u0442\u0430\u043d\u0442\u0438\u043d \u0422\u044e\u043a\u0430\u0432\u0438\u043d, \u043a\u043e\u0442\u043e\u0440\u044b\u0439 \u043f\u043e\u0440\u0430\u0437\u0438\u043b \u0432\u043e\u0440\u043e\u0442\u0430 \u0441\u043e\u043f\u0435\u0440\u043d\u0438\u043a\u0430&nbsp;<a class=\"link-underline-red\" href=\"https://www.sport-express.ru/football/rusteam/news/tyukavin-otkryl-schet-v-dvustoronnem-matche-mezhdu-osnovnoy-i-molodezhnoy-sbornymi-rossii-1907330/\" style=\"margin: 0px; padding: 0px; box-sizing: border-box; background-color: transparent; color: rgb(0, 114, 184); text-decoration: none; cursor: pointer;\" target=\"_blank\">\u0443\u0434\u0430\u0440\u043e\u043c \u043f\u044f\u0442\u043a\u043e\u0439</a>.</p>\r\n\r\n<div style=\"margin-left:0px; margin-right:0px\">\r\n<div style=\"margin-left:0px; margin-right:0px\">\r\n<div style=\"margin-left:0px; margin-right:0px\">&nbsp;</div>\r\n</div>\r\n\r\n<div style=\"margin-left:0px; margin-right:0px\">\r\n<div style=\"margin-left:0px; margin-right:0px\">\r\n<div style=\"margin-left:0px; margin-right:0px\">&nbsp;</div>\r\n</div>\r\n\r\n<div style=\"margin-left:0px; margin-right:0px\">\r\n<div style=\"margin-left:0px; margin-right:0px\">&nbsp;</div>\r\n</div>\r\n</div>\r\n</div>\r\n\r\n<p style=\"margin-left:0px; margin-right:0px\">\u0412&nbsp;\u043a\u043e\u043d\u0446\u0435 \u043f\u0435\u0440\u0432\u043e\u0439 \u043f\u043e\u043b\u043e\u0432\u0438\u043d\u044b \u0432\u0441\u0442\u0440\u0435\u0447\u0438 \u043f\u043e\u0432\u0440\u0435\u0436\u0434\u0435\u043d\u0438\u0435 \u043f\u043e\u043b\u0443\u0447\u0438\u043b \u043f\u043e\u043b\u0443\u0437\u0430\u0449\u0438\u0442\u043d\u0438\u043a \u0414\u043c\u0438\u0442\u0440\u0438\u0439 \u0411\u0430\u0440\u0438\u043d\u043e\u0432.</p>\r\n\r\n<p style=\"margin-left:0px; margin-right:0px\">\u0412\u043e&nbsp;\u0432\u0442\u043e\u0440\u043e\u0439 \u0442\u0430\u0439\u043c\u0435 \u043b\u0443\u0447\u0448\u0438\u0439 \u0448\u0430\u043d\u0441 \u043e\u0442\u043b\u0438\u0447\u0438\u0442\u044c\u0441\u044f \u043d\u0435&nbsp;\u0438\u0441\u043f\u043e\u043b\u044c\u0437\u043e\u0432\u0430\u043b \u043d\u0430\u043f\u0430\u0434\u0430\u044e\u0449\u0438\u0439 \u0418\u0432\u0430\u043d \u0421\u0435\u0440\u0433\u0435\u0435\u0432. \u041e\u043d&nbsp;\u0432\u044b\u0448\u0435\u043b \u043e\u0434\u0438\u043d \u043d\u0430&nbsp;\u043e\u0434\u0438\u043d, \u043e\u0431\u0432\u0435\u043b \u0432\u0440\u0430\u0442\u0430\u0440\u044f, \u043d\u043e&nbsp;\u0441&nbsp;\u043e\u0441\u0442\u0440\u043e\u0433\u043e \u0443\u0433\u043b\u0430 \u043f\u0440\u043e\u0431\u0438\u043b \u043c\u0438\u043c\u043e \u0432\u043e\u0440\u043e\u0442.</p>\r\n\r\n<p style=\"margin-left:0px; margin-right:0px\">\u041a\u043e\u043c\u0430\u043d\u0434\u0430 \u0412\u0430\u043b\u0435\u0440\u0438\u044f \u041a\u0430\u0440\u043f\u0438\u043d\u0430 \u043f\u0440\u043e\u0432\u0435\u043b\u0430 \u0438\u0433\u0440\u0443 \u0432&nbsp;\u0434\u0432\u0443\u0445 \u0440\u0430\u0437\u043d\u044b\u0445 \u0441\u043e\u0441\u0442\u0430\u0432\u0430\u0445&nbsp;&mdash; \u043f\u043e&nbsp;\u043e\u0434\u043d\u043e\u043c\u0443 \u043d\u0430&nbsp;\u043a\u0430\u0436\u0434\u044b\u0439 \u0442\u0430\u0439\u043c.</p>\r\n\r\n<p style=\"margin-left:0px; margin-right:0px\">\u0421\u043e\u0441\u0442\u0430\u0432 \u0441\u0431\u043e\u0440\u043d\u043e\u0439 \u0420\u043e\u0441\u0441\u0438\u0438 \u043d\u0430&nbsp;\u043f\u0435\u0440\u0432\u044b\u0439 \u0442\u0430\u0439\u043c: \u0421\u0430\u0444\u043e\u043d\u043e\u0432, \u0417\u0430\u0438\u043a\u0430, \u0414\u0438\u0432\u0435\u0435\u0432, \u041e\u0441\u0438\u043f\u0435\u043d\u043a\u043e, \u0422\u0435\u0440\u0435\u0445\u043e\u0432, \u0424\u043e\u043c\u0438\u043d, \u0411\u0430\u0440\u0438\u043d\u043e\u0432, \u0416\u0435\u043c\u0430\u043b\u0435\u0442\u0434\u0438\u043d\u043e\u0432, \u0411\u0430\u043a\u0430\u0435\u0432, \u0422\u044e\u043a\u0430\u0432\u0438\u043d, \u041c\u043e\u0441\u0442\u043e\u0432\u043e\u0439.</p>\r\n\r\n<p style=\"margin-left:0px; margin-right:0px\">\u0421\u043e\u0441\u0442\u0430\u0432 \u0441\u0431\u043e\u0440\u043d\u043e\u0439 \u0420\u043e\u0441\u0441\u0438\u0438 \u043d\u0430&nbsp;\u0432\u0442\u043e\u0440\u043e\u0439 \u0442\u0430\u0439\u043c: \u0428\u0443\u043d\u0438\u043d, \u0421\u0430\u043c\u043e\u0448\u043d\u0438\u043a\u043e\u0432, \u0427\u0438\u0441\u0442\u044f\u043a\u043e\u0432, \u0414\u0436\u0438\u043a\u0438\u044f, \u041a\u0440\u0443\u0433\u043e\u0432\u043e\u0439, \u041a\u0443\u0447\u0430\u0435\u0432, \u0413\u043b\u0435\u0431\u043e\u0432, \u041a\u0443\u0437\u044f\u0435\u0432, \u0421\u0443\u0442\u043e\u0440\u043c\u0438\u043d, \u0421\u0435\u0440\u0433\u0435\u0435\u0432, \u0417\u0438\u043d\u044c\u043a\u043e\u0432\u0441\u043a\u0438\u0439.</p>", "created_date": "2022-03-26T16:17:32.911Z", "edit_date": "2022-03-26T16:15:22Z", "published_date": "2022-03-26T16:15:22Z", "image": "post/football_1.webp", "category": 4, "template": "blog/post_detail.html", "published": true, "viewed": 0, "status": false, "sort": 0, "tags": [1, 4]}}, {"model": "blog.post", "pk": 10, "fields": {"author": 1, "title": "\u0412\u0430\u043b\u0435\u0440\u0438\u0439 \u041a\u0430\u0440\u043f\u0438\u043d \u0432\u044b\u0441\u0442\u0443\u043f\u0438\u043b \u0437\u0430 \u0440\u0430\u0441\u0448\u0438\u0440\u0435\u043d\u0438\u0435 \u0420\u041f\u041b \u0434\u043e 18 \u0438\u043b\u0438 20 \u043a\u043e\u043c\u0430\u043d\u0434", "slug": "valerij-karpin-vystupil-za-rasshirenie-rpl-do-18-ili-20-komand", "subtitle": null, "mini_text": "\u0412\u0430\u043b\u0435\u0440\u0438\u0439 \u041a\u0430\u0440\u043f\u0438\u043d \u0432\u044b\u0441\u0442\u0443\u043f\u0438\u043b \u0437\u0430 \u0440\u0430\u0441\u0448\u0438\u0440\u0435\u043d\u0438\u0435 \u0420\u041f\u041b \u0434\u043e 18 \u0438\u043b\u0438 20 \u043a\u043e\u043c\u0430\u043d\u0434", "text": "<p style=\"margin-left:0px; margin-right:0px\"><a class=\"link-news2tags\" href=\"https://www.sports.ru/karpin/\" style=\"background-color: transparent; color: rgb(0, 100, 150); text-decoration: none;\">\u0412\u0430\u043b\u0435\u0440\u0438\u0439 \u041a\u0430\u0440\u043f\u0438\u043d</a>&nbsp;\u0432\u044b\u0441\u0442\u0443\u043f\u0438\u043b \u0437\u0430 \u0440\u0430\u0441\u0448\u0438\u0440\u0435\u043d\u0438\u0435&nbsp;<a class=\"link-news2tags\" href=\"https://www.sports.ru/rfpl/\" style=\"background-color: transparent; color: rgb(0, 100, 150); text-decoration: none;\">\u0420\u041f\u041b</a>&nbsp;\u0434\u043e 18 \u0438\u043b\u0438 20 \u043a\u043e\u043c\u0430\u043d\u0434.</p>\r\n\r\n<p style=\"margin-left:0px; margin-right:0px\"><strong>&ndash; \u0412\u044b \u0433\u043e\u0432\u043e\u0440\u0438\u043b\u0438, \u0447\u0442\u043e \u0432\u044b \u043d\u0435 \u043f\u0440\u043e\u0442\u0438\u0432 \u0440\u0430\u0441\u0448\u0438\u0440\u0435\u043d\u0438\u044f \u0420\u041f\u041b \u0434\u043e 18 \u043a\u043e\u043c\u0430\u043d\u0434, \u043f\u043e\u0442\u043e\u043c\u0443 \u0447\u0442\u043e \u043d\u0443\u0436\u043d\u043e \u0431\u043e\u043b\u044c\u0448\u0435 \u0438\u0433\u0440\u0430\u0442\u044c. \u041d\u043e \u043f\u043e\u0447\u0435\u043c\u0443 18 \u043a\u043e\u043c\u0430\u043d\u0434? \u041f\u043e\u0447\u0435\u043c\u0443 \u043d\u0435 \u0434\u0435\u043b\u0435\u043d\u0438\u0435 \u043d\u0430 \u0434\u0432\u0435 \u0432\u043e\u0441\u044c\u043c\u0435\u0440\u043a\u0438 \u0438 \u0438\u0433\u0440\u0430 \u043c\u0435\u0436\u0434\u0443 \u043d\u0438\u043c\u0438 \u0432\u043e \u0432\u0442\u043e\u0440\u043e\u0439 \u0447\u0430\u0441\u0442\u0438 \u0447\u0435\u043c\u043f\u0438\u043e\u043d\u0430\u0442\u0430, \u043a\u0430\u043a \u043f\u0440\u0435\u0434\u043b\u0430\u0433\u0430\u043b Hypercube?</strong></p>\r\n\r\n<p style=\"margin-left:0px; margin-right:0px\">&ndash; \u0414\u0435\u043b\u0435\u043d\u0438\u0435 \u043d\u0430 \u0434\u0432\u0435 \u0432\u043e\u0441\u044c\u043c\u0435\u0440\u043a\u0438, \u0432\u0435\u0440\u0445\u043d\u044f\u044f \u0447\u0430\u0441\u0442\u044c, \u043d\u0438\u0436\u043d\u044f\u044f &ndash; \u0443 \u043d\u0430\u0441 \u0443\u0436\u0435 \u044d\u0442\u043e \u0431\u044b\u043b\u043e \u0432 \u043f\u0435\u0440\u0435\u0445\u043e\u0434\u043d\u044b\u0439 \u0441\u0435\u0437\u043e\u043d [\u0432 2011-2012 \u0433\u043e\u0434\u0430\u0445]. \u0418\u043d\u0442\u0435\u0440\u0435\u0441 \u0431\u044b\u043b \u043a \u043f\u0435\u0440\u0432\u043e\u0439 \u0432\u043e\u0441\u044c\u043c\u0435\u0440\u043a\u0435, \u043a\u043e \u0432\u0442\u043e\u0440\u043e\u0439 \u0432\u043e\u0441\u044c\u043c\u0435\u0440\u043a\u0435 \u0438\u043d\u0442\u0435\u0440\u0435\u0441\u0430 \u043d\u0435 \u0431\u044b\u043b\u043e \u043d\u0438\u043a\u0430\u043a\u043e\u0433\u043e. \u041d\u0438\u043a\u0430\u043a\u043e\u0433\u043e, \u043d\u0430\u0434\u043e \u0432\u0435\u0449\u0438 \u0441\u0432\u043e\u0438\u043c\u0438 \u0438\u043c\u0435\u043d\u0430\u043c\u0438 \u043d\u0430\u0437\u044b\u0432\u0430\u0442\u044c.</p>\r\n\r\n<p style=\"margin-left:0px; margin-right:0px\">\u0413\u043b\u0430\u0434\u043a\u0438\u0439 \u0447\u0435\u043c\u043f\u0438\u043e\u043d\u0430\u0442 \u0438\u0437 18 \u0438\u043b\u0438 20 \u043a\u043e\u043c\u0430\u043d\u0434 &ndash; \u0440\u0435\u0448\u0435\u043d\u0438\u0435 \u043f\u0443\u0441\u0442\u044c \u043f\u0440\u0438\u043d\u0438\u043c\u0430\u044e\u0442 \u043b\u044e\u0434\u0438, \u043a\u043e\u0442\u043e\u0440\u044b\u0435 \u0434\u043e\u043b\u0436\u043d\u044b \u044d\u0442\u0438\u043c \u0437\u0430\u043d\u0438\u043c\u0430\u0442\u044c\u0441\u044f. \u0421\u0442\u0440\u0430\u043d\u0430 \u0443 \u043d\u0430\u0441 \u0431\u043e\u043b\u044c\u0448\u0430\u044f, \u0435\u0441\u043b\u0438 \u0431\u0443\u0434\u0435\u0442 18 \u0440\u0435\u0433\u0438\u043e\u043d\u043e\u0432 \u0438\u043b\u0438 \u0433\u043e\u0440\u043e\u0434\u043e\u0432, \u044d\u0442\u043e \u043f\u043e\u0432\u044b\u0441\u0438\u0442 \u0438\u043d\u0442\u0435\u0440\u0435\u0441 [\u043a \u0444\u0443\u0442\u0431\u043e\u043b\u0443] \u0432 \u0440\u0435\u0433\u0438\u043e\u043d\u0430\u0445, &ndash; \u0441\u043a\u0430\u0437\u0430\u043b \u0433\u043b\u0430\u0432\u043d\u044b\u0439 \u0442\u0440\u0435\u043d\u0435\u0440&nbsp;<a class=\"link-news2tags\" href=\"https://www.sports.ru/rostov/\" style=\"background-color: transparent; color: rgb(0, 100, 150); text-decoration: none;\">&laquo;\u0420\u043e\u0441\u0442\u043e\u0432\u0430&raquo;</a>&nbsp;\u0438 \u0441\u0431\u043e\u0440\u043d\u043e\u0439 \u0420\u043e\u0441\u0441\u0438\u0438.</p>", "created_date": "2022-03-26T16:23:56.198Z", "edit_date": "2022-03-26T16:22:36Z", "published_date": "2022-03-26T16:22:36Z", "image": "post/football_2.webp", "category": 4, "template": "blog/post_detail.html", "published": true, "viewed": 0, "status": false, "sort": 0, "tags": [1, 4, 5]}}, {"model": "blog.post", "pk": 11, "fields": {"author": 1, "title": "\u0424\u041a \u00ab\u0422\u043e\u043c\u044c\u00bb \u0432 \u0441\u0443\u0431\u0431\u043e\u0442\u0443 \u043f\u0440\u043e\u0438\u0433\u0440\u0430\u043b \u043c\u043e\u0441\u043a\u043e\u0432\u0441\u043a\u043e\u043c\u0443 \u00ab\u0422\u043e\u0440\u043f\u0435\u0434\u043e\u00bb \u0441\u043e \u0441\u0447\u0435\u0442\u043e\u043c 2:5", "slug": "fk-tom-v-subbotu-proigral-moskovskomu-torpedo-so-schetom-25", "subtitle": null, "mini_text": "\u0424\u041a \u00ab\u0422\u043e\u043c\u044c\u00bb \u0432 \u0441\u0443\u0431\u0431\u043e\u0442\u0443 \u043f\u0440\u043e\u0438\u0433\u0440\u0430\u043b \u043c\u043e\u0441\u043a\u043e\u0432\u0441\u043a\u043e\u043c\u0443 \u00ab\u0422\u043e\u0440\u043f\u0435\u0434\u043e\u00bb \u0441\u043e \u0441\u0447\u0435\u0442\u043e\u043c 2:5", "text": "<p><strong>\u0422\u041e\u041c\u0421\u041a, 26 \u043c\u0430\u0440 &ndash; \u0420\u0418\u0410 \u0422\u043e\u043c\u0441\u043a.&nbsp;</strong>\u0421\u0443\u0431\u0431\u043e\u0442\u043d\u0438\u0439 \u0434\u043e\u043c\u0430\u0448\u043d\u0438\u0439 \u043c\u0430\u0442\u0447 &quot;\u0422\u043e\u043c\u0438&quot; \u0441 \u043c\u043e\u0441\u043a\u043e\u0432\u0441\u043a\u0438\u043c &quot;\u0422\u043e\u0440\u043f\u0435\u0434\u043e&quot; \u0437\u0430\u0432\u0435\u0440\u0448\u0438\u043b\u0441\u044f \u0441\u043e \u0441\u0447\u0435\u0442\u043e\u043c 2:5 \u0432 \u043f\u043e\u043b\u044c\u0437\u0443 \u0433\u043e\u0441\u0442\u0435\u0439; \u0434\u0432\u0430 \u0433\u043e\u043b\u0430 \u0442\u043e\u043c\u0441\u043a\u043e\u0439 \u043a\u043e\u043c\u0430\u043d\u0434\u0435 \u043f\u0440\u0438\u043d\u0435\u0441\u043b\u0438 \u0418\u043b\u044c\u044f \u041a\u0443\u0431\u044b\u0448\u043a\u0438\u043d \u0438 \u0414\u0435\u043d\u0438\u0448 \u0414\u0443\u0430\u0440\u0442\u0435, \u0441\u043b\u0435\u0434\u0443\u0435\u0442 \u0438\u0437 \u0442\u0440\u0430\u043d\u0441\u043b\u044f\u0446\u0438\u0438 \u043c\u0430\u0442\u0447\u0430 \u043d\u0430 \u042f\u043d\u0434\u0435\u043a\u0441.\u0421\u043f\u043e\u0440\u0442\u0435.</p>\r\n\r\n<p>\u0420\u0430\u043d\u0435\u0435 \u0441\u043e\u043e\u0431\u0449\u0430\u043b\u043e\u0441\u044c, \u0447\u0442\u043e \u0432 \u0441\u0443\u0431\u0431\u043e\u0442\u0443 &quot;\u0422\u043e\u043c\u044c&quot; \u0432 \u0440\u0430\u043c\u043a\u0430\u0445 29-\u0433\u043e \u0442\u0443\u0440\u0430 \u0424\u0443\u0442\u0431\u043e\u043b\u044c\u043d\u043e\u0439 \u043d\u0430\u0446\u0438\u043e\u043d\u0430\u043b\u044c\u043d\u043e\u0439 \u043b\u0438\u0433\u0438 (&quot;\u041e\u043b\u0438\u043c\u043f-\u0424\u041d\u041b&quot;) \u0432\u0441\u0442\u0440\u0435\u0447\u0430\u0435\u0442\u0441\u044f \u043d\u0430 \u0434\u043e\u043c\u0430\u0448\u043d\u0435\u043c \u043f\u043e\u043b\u0435 \u0441 \u043c\u043e\u0441\u043a\u043e\u0432\u0441\u043a\u0438\u043c &quot;\u0422\u043e\u0440\u043f\u0435\u0434\u043e&quot;. \u041f\u043e \u0438\u0442\u043e\u0433\u0430\u043c 28 \u0442\u0443\u0440\u043e\u0432 \u0443 &quot;\u0422\u043e\u043c\u0438&quot; 11 \u043f\u043e\u0440\u0430\u0436\u0435\u043d\u0438\u0439, 10 \u043f\u043e\u0431\u0435\u0434 \u0438 \u0441\u0435\u043c\u044c \u043d\u0438\u0447\u044c\u0438\u0445; \u0442\u043e\u043c\u0438\u0447\u0438 \u0441 37 \u043e\u0447\u043a\u0430\u043c\u0438 &ndash; \u043d\u0430 12-\u0439 \u0441\u0442\u0440\u043e\u0447\u043a\u0435 \u0442\u0443\u0440\u043d\u0438\u0440\u043d\u043e\u0439 \u0442\u0430\u0431\u043b\u0438\u0446\u044b \u0447\u0435\u043c\u043f\u0438\u043e\u043d\u0430\u0442\u0430. &quot;\u0422\u043e\u0440\u043f\u0435\u0434\u043e \u041c\u043e\u0441\u043a\u0432\u0430&quot; \u0441 51 \u043e\u0447\u043a\u043e\u043c &ndash; \u043d\u0430 \u0442\u0440\u0435\u0442\u044c\u0435\u043c \u043c\u0435\u0441\u0442\u0435. \u041f\u0435\u0440\u0432\u044b\u0439 \u043c\u0430\u0442\u0447 &quot;\u0422\u043e\u043c\u0438&quot; \u0438 &quot;\u0422\u043e\u0440\u043f\u0435\u0434\u043e \u041c\u043e\u0441\u043a\u0432\u0430&quot; \u0432 \u044d\u0442\u043e\u043c \u0441\u0435\u0437\u043e\u043d\u0435 (11-\u0439 \u0442\u0443\u0440) \u0441\u044b\u0433\u0440\u0430\u043d \u0432\u043d\u0438\u0447\u044c\u044e 3:3.</p>\r\n\r\n<p>\u0414\u043e\u0441\u0442\u0430\u0442\u043e\u0447\u043d\u043e \u0441\u0438\u043b\u044c\u043d\u044b\u0439 \u0432\u0435\u0442\u0435\u0440 \u0438 \u0434\u0430\u0436\u0435 \u0441\u043d\u0435\u0433 \u0432 \u0422\u043e\u043c\u0441\u043a\u0435 \u0432 \u0441\u0443\u0431\u0431\u043e\u0442\u0443 \u043d\u0435 \u043f\u043e\u043c\u0435\u0448\u0430\u043b\u0438 &quot;\u0422\u043e\u043c\u0438&quot; \u043e\u0442\u043a\u0440\u044b\u0442\u044c \u0441\u0447\u0435\u0442 \u0443\u0436\u0435 \u043d\u0430 \u0447\u0435\u0442\u0432\u0435\u0440\u0442\u043e\u0439 \u043c\u0438\u043d\u0443\u0442\u0435 \u043c\u0430\u0442\u0447\u0430 &ndash; \u0418\u043b\u044c\u044f \u041a\u0443\u0431\u044b\u0448\u043a\u0438\u043d \u0443\u0434\u0430\u0447\u043d\u043e \u0440\u0435\u0430\u043b\u0438\u0437\u043e\u0432\u0430\u043b \u0448\u0442\u0440\u0430\u0444\u043d\u043e\u0439, \u043d\u0430\u0437\u043d\u0430\u0447\u0435\u043d\u043d\u044b\u0439 \u0437\u0430 \u0444\u043e\u043b \u043f\u0440\u043e\u0442\u0438\u0432 \u0421\u0435\u0440\u0433\u0435\u044f \u0417\u0443\u0439\u043a\u043e\u0432\u0430. &quot;\u0422\u043e\u043c\u044c&quot; \u0434\u0435\u043c\u043e\u043d\u0441\u0442\u0440\u0438\u0440\u043e\u0432\u0430\u043b\u0430 \u043d\u0435\u043f\u043b\u043e\u0445\u0443\u044e \u0430\u0442\u0430\u043a\u0443, \u043e\u0434\u043d\u0430\u043a\u043e \u043d\u0430 23-\u0439 \u043c\u0438\u043d\u0443\u0442\u0435 \u043c\u043e\u0441\u043a\u0432\u0438\u0447\u0438 \u0440\u0435\u0437\u043a\u043e &quot;\u043f\u0440\u043e\u0441\u043d\u0443\u043b\u0438\u0441\u044c&quot; &ndash; \u0433\u043e\u043b \u0432 \u0432\u043e\u0440\u043e\u0442\u0430 &quot;\u0422\u043e\u043c\u0438&quot; \u0437\u0430\u0431\u0438\u043b \u0438\u0433\u0440\u043e\u043a &quot;\u0422\u043e\u0440\u043f\u0435\u0434\u043e&quot; \u0414\u0435\u043d\u0438\u0441 \u041b\u0430\u043f\u0442\u0435\u0432, \u0441\u0447\u0435\u0442 \u0441\u0440\u0430\u0432\u043d\u044f\u043b\u0441\u044f &ndash; 1:1.</p>\r\n\r\n<p>\u041d\u0430 27-\u0439 \u043c\u0438\u043d\u0443\u0442\u0435 \u043c\u0430\u0442\u0447\u0430 \u0441\u0447\u0435\u0442 \u0443\u0436\u0435 \u0431\u044b\u043b 1:2 \u0432 \u043f\u043e\u043b\u044c\u0437\u0443 &quot;\u0422\u043e\u0440\u043f\u0435\u0434\u043e&quot;, \u0432\u0442\u043e\u0440\u043e\u0439 \u0433\u043e\u043b \u043c\u043e\u0441\u043a\u0432\u0438\u0447\u0430\u043c \u043f\u0440\u0438\u043d\u0435\u0441 \u041c\u0443\u0445\u0430\u043c\u043c\u0430\u0434 \u0421\u0443\u043b\u0442\u043e\u043d\u043e\u0432. \u041e\u043d \u0436\u0435 \u043d\u0430 35-\u0439 \u043c\u0438\u043d\u0443\u0442\u0435 \u0437\u0430\u0431\u0438\u043b \u0438 \u0442\u0440\u0435\u0442\u0438\u0439 \u0433\u043e\u043b \u0432 \u0432\u043e\u0440\u043e\u0442\u0430 &quot;\u0422\u043e\u043c\u0438&quot;. \u0412 \u044d\u0442\u043e\u0442 \u0440\u0430\u0437 \u0421\u0443\u043b\u0442\u043e\u043d\u043e\u0432 \u0443\u0441\u043f\u0435\u0448\u043d\u043e \u043e\u0442\u0440\u0430\u0431\u043e\u0442\u0430\u043b \u043f\u0435\u043d\u0430\u043b\u044c\u0442\u0438, \u043d\u0430\u0437\u043d\u0430\u0447\u0435\u043d\u043d\u044b\u0439 \u0437\u0430 \u0438\u0433\u0440\u0443 \u0440\u0443\u043a\u043e\u0439 \u0434\u0435\u0431\u044e\u0442\u0430\u043d\u0442\u0430 &quot;\u0422\u043e\u043c\u0438&quot;, \u043f\u043e\u0440\u0442\u0443\u0433\u0430\u043b\u044c\u0446\u0430 \u0414\u0435\u043d\u0438\u0448\u0430 \u0414\u0443\u0430\u0440\u0442\u0435.</p>\r\n\r\n<p>\u0414\u043e \u043f\u0435\u0440\u0435\u0440\u044b\u0432\u0430 \u043c\u043e\u0441\u043a\u0432\u0438\u0447\u0438 \u0440\u0435\u0430\u043b\u0438\u0437\u043e\u0432\u0430\u043b\u0438 \u0435\u0449\u0435 \u043e\u0434\u0438\u043d \u0433\u043e\u043b \u0432 \u0432\u043e\u0440\u043e\u0442\u0430 \u0442\u043e\u043c\u0441\u043a\u043e\u0439 \u043a\u043e\u043c\u0430\u043d\u0434\u044b. \u0412\u0442\u043e\u0440\u043e\u0439 \u0434\u0443\u0431\u043b\u044c \u043d\u0430 45-\u0439 \u043c\u0438\u043d\u0443\u0442\u0435 \u0441\u0434\u0435\u043b\u0430\u043b \u0438\u0433\u0440\u043e\u043a &quot;\u0422\u043e\u0440\u043f\u0435\u0434\u043e&quot; \u0414\u0435\u043d\u0438\u0441 \u041b\u0430\u043f\u0442\u0435\u0432. \u041a\u043e\u043c\u0430\u043d\u0434\u044b \u0443\u0448\u043b\u0438 \u043d\u0430 \u043f\u0435\u0440\u0435\u0440\u044b\u0432 \u0441\u043e \u0441\u0447\u0435\u0442\u043e\u043c 1:4 \u0432 \u043f\u043e\u043b\u044c\u0437\u0443 &quot;\u0422\u043e\u0440\u043f\u0435\u0434\u043e \u041c\u043e\u0441\u043a\u0432\u0430&quot;.</p>\r\n\r\n<p>\u0412\u0442\u043e\u0440\u043e\u0439 \u0442\u0430\u0439\u043c &quot;\u0422\u043e\u043c\u044c&quot; \u043d\u0430\u0447\u0430\u043b\u0430 \u0431\u043e\u043b\u0435\u0435 \u0430\u043a\u0442\u0438\u0432\u043d\u043e, \u043d\u043e \u043d\u0430 70-\u0439 \u043c\u0438\u043d\u0443\u0442\u0435 \u0443\u0434\u0430\u0447\u043d\u044b\u0439 \u043f\u0430\u0441 \u0442\u043e\u0440\u043f\u0435\u0434\u043e\u0432\u0446\u0430 \u0418\u0433\u043e\u0440\u044f \u041b\u0435\u0431\u0435\u0434\u0435\u043d\u043a\u043e \u043f\u043e\u0437\u0432\u043e\u043b\u0438\u043b \u0414\u0435\u043d\u0438\u0441\u0443 \u041b\u0430\u043f\u0442\u0435\u0432\u0443 \u0441\u0434\u0435\u043b\u0430\u0442\u044c \u0445\u0435\u0442-\u0442\u0440\u0438\u043a &ndash; 1:5. \u0421\u043f\u0443\u0441\u0442\u044f \u0434\u0432\u0435 \u043c\u0438\u043d\u0443\u0442\u044b \u0414\u0435\u043d\u0438\u0448 \u0414\u0443\u0430\u0440\u0442\u0435 \u0433\u043e\u043b\u043e\u0432\u043e\u0439 \u043e\u0442\u044b\u0433\u0440\u0430\u043b \u043e\u0434\u0438\u043d \u043c\u044f\u0447 \u0434\u043b\u044f &quot;\u0422\u043e\u043c\u0438&quot;. \u041e\u0434\u043d\u0430\u043a\u043e \u043f\u043e\u0441\u043b\u0435 \u0442\u0440\u0435\u0445 \u0434\u043e\u0431\u0430\u0432\u043b\u0435\u043d\u043d\u044b\u0445 \u043c\u0438\u043d\u0443\u0442 \u043c\u0430\u0442\u0447\u0430, \u0441\u0447\u0435\u0442 \u043e\u0441\u0442\u0430\u043b\u0441\u044f \u043f\u0440\u0435\u0436\u043d\u0438\u043c. &quot;\u0422\u043e\u043c\u044c&quot; \u0432 \u0441\u0443\u0431\u0431\u043e\u0442\u0443 \u0443\u0441\u0442\u0443\u043f\u0438\u043b\u0430 &quot;\u0422\u043e\u0440\u043f\u0435\u0434\u043e&quot; 2:5.</p>\r\n\r\n<p>\u0412 30-\u043c \u0442\u0443\u0440\u0435 &quot;\u0422\u043e\u043c\u044c&quot; \u0432\u0441\u0442\u0440\u0435\u0442\u0438\u0442\u0441\u044f \u0441 &quot;\u0415\u043d\u0438\u0441\u0435\u0435\u043c&quot;. \u041c\u0430\u0442\u0447 \u0441\u043e\u0441\u0442\u043e\u0438\u0442\u0441\u044f \u0432 \u0441\u0443\u0431\u0431\u043e\u0442\u0443, 2 \u0430\u043f\u0440\u0435\u043b\u044f.</p>", "created_date": "2022-03-26T16:27:20.305Z", "edit_date": "2022-03-26T16:25:17Z", "published_date": "2022-03-26T16:25:17Z", "image": "post/34435.webp", "category": 6, "template": "blog/post_detail.html", "published": true, "viewed": 0, "status": false, "sort": 0, "tags": [1, 4]}}, {"model": "blog.comment", "pk": 1, "fields": {"author": 1, "post": 1, "text": "\u0412\u0430\u0443. \u041f\u043e\u043f\u043b\u0430\u0432\u0430\u0435\u043c!!!", "create_date": "2022-03-19T10:06:41.776Z", "moderation": true}}, {"model": "blog.comment", "pk": 2, "fields": {"author": 1, "post": 1, "text": "ggxzcxgxgcgf", "create_date": "2022-03-24T16:15:40.531Z", "moderation": true}}, {"model": "blog.comment", "pk": 3, "fields": {"author": 1, "post": 3, "text": "fgsgsdfg", "create_date": "2022-03-24T16:16:09.392Z", "moderation": true}}, {"model": "blog.comment", "pk": 4, "fields": {"author": 4, "post": 2, "text": "\u0426\u0435\u043d\u044b \u0440\u0430\u0441\u0442\u0443\u0442", "create_date": "2022-03-29T14:18:27.910Z", "moderation": true}}, {"model": "menu.menu", "pk": 2, "fields": {"name": "\u0413\u043b\u0430\u0432\u043d\u043e\u0435 \u043c\u0435\u043d\u044e", "status": false, "published": true}}, {"model": "menu.menuitem", "pk": 3, "fields": {"title": "\u0413\u043b\u0430\u0432\u043d\u0430\u044f", "name": "main", "parent": null, "menu": 2, "status": false, "url": null, "anchor": null, "content_type": 16, "object_id": 1, "sort": 1, "published": true, "lft": 1, "rght": 2, "tree_id": 4, "level": 0}}, {"model": "menu.menuitem", "pk": 4, "fields": {"title": "\u0428\u0430\u0431\u043b\u043e\u043d 1", "name": "test", "parent": null, "menu": 2, "status": false, "url": null, "anchor": null, "content_type": 16, "object_id": 2, "sort": 2, "published": true, "lft": 1, "rght": 2, "tree_id": 4, "level": 0}}, {"model": "menu.menuitem", "pk": 5, "fields": {"title": "\u0421\u0441\u044b\u043b\u043a\u0430 \u043d\u0430 \u043d\u043e\u0432\u043e\u0441\u0442\u044c", "name": "ssilka_naws", "parent": null, "menu": 2, "status": false, "url": null, "anchor": null, "content_type": 12, "object_id": 1, "sort": 5, "published": true, "lft": 1, "rght": 2, "tree_id": 5, "level": 0}}, {"model": "menu.menuitem", "pk": 6, "fields": {"title": "\u041d\u043e\u0432\u043e\u0441\u0442\u0438 \u0441\u043f\u043e\u0440\u0442\u0430", "name": "sports_news", "parent": null, "menu": 2, "status": false, "url": null, "anchor": null, "content_type": 10, "object_id": 2, "sort": 4, "published": true, "lft": 1, "rght": 2, "tree_id": 5, "level": 0}}, {"model": "menu.menuitem", "pk": 7, "fields": {"title": "\u0428\u0430\u0431\u043b\u043e\u043d 2 (\u0442\u0440\u0435\u0431\u0443\u0435\u0442 \u0440\u0435\u0433\u0438\u0441\u0442\u0440\u0430\u0446\u0438\u044e)", "name": "empty", "parent": null, "menu": 2, "status": false, "url": null, "anchor": null, "content_type": 16, "object_id": 3, "sort": 3, "published": true, "lft": 1, "rght": 2, "tree_id": 4, "level": 0}}, {"model": "pages.pages", "pk": 1, "fields": {"title": "\u0413\u043b\u0430\u0432\u043d\u0430\u044f \u0441\u0442\u0440\u0430\u043d\u0438\u0430\u0446\u0430", "sub_title": "\u0413\u043b\u0430\u0432\u043d\u0430\u044f \u0441\u0442\u0440\u0430\u043d\u0438\u0446\u0430", "text": "<h2>&nbsp;</h2>\r\n\r\n<p><strong><img alt=\"\" src=\"/media/uploads/2022/03/19/firefox_wallpaper.png\" style=\"height:500px; width:779px\" /></strong></p>\r\n\r\n<p><span style=\"color:#27ae60\"><strong>Lorem Ipsum</strong> is simply dummy text of the printing and typesetting industry. </span>Lorem Ipsum has been the industry&#39;s standard dummy text ever since the 1500s, when an unknown printer took a galley of type and scrambled it to make a type specimen book. It has survived not only five centuries, but also the leap into electronic typesetting, remaining essentially unchanged. It was popularised in the 1960s with the release of Letraset sheets containing Lorem Ipsum passages, and more recently with desktop publishing software like Aldus PageMaker including versions of Lorem Ipsum.</p>", "edit_date": "2022-03-26T08:26:11.193Z", "published_date": "2022-03-19T09:16:20Z", "published": true, "template": "pages/home.html", "registration_required": false, "slug": "/"}}, {"model": "pages.pages", "pk": 2, "fields": {"title": "\u0442\u0435\u0441\u0442\u043e\u0432\u0430\u044f \u0441\u0442\u0440\u0430\u043d\u0438\u0446\u0430", "sub_title": null, "text": "<div>\r\n<h2>Where does it come from?</h2>\r\n\r\n<p><img src=\"/media/uploads/2022/03/26/image-20220326121730-1.png\" style=\"height:900px; width:900px\" /></p>\r\n\r\n<p>Contrary to popular belief, Lorem Ipsum is not simply random text. It has roots in a piece of classical Latin literature from 45 BC, making it over 2000 years old. Richard McClintock, a Latin professor at Hampden-Sydney College in Virginia, looked up one of the more obscure Latin words, consectetur, from a Lorem Ipsum passage, and going through the cites of the word in classical literature, discovered the undoubtable source. Lorem Ipsum comes from sections 1.10.32 and 1.10.33 of &quot;de Finibus Bonorum et Malorum&quot; (The Extremes of Good and Evil) by Cicero, written in 45 BC. This book is a treatise on the theory of ethics, very popular during the Renaissance. The first line of Lorem Ipsum, &quot;Lorem ipsum dolor sit amet..&quot;, comes from a line in section 1.10.32.</p>\r\n\r\n<p>The standard chunk of Lorem Ipsum used since the 1500s is reproduced below for those interested. Sections 1.10.32 and 1.10.33 from &quot;de Finibus Bonorum et Malorum&quot; by Cicero are also reproduced in their exact original form, accompanied by English versions from the 1914 translation by H. Rackham.</p>\r\n</div>", "edit_date": "2022-03-26T09:17:32.857Z", "published_date": "2022-03-19T09:19:29Z", "published": true, "template": "pages/home.html", "registration_required": false, "slug": "/testovaya-stranica/"}}, {"model": "pages.pages", "pk": 3, "fields": {"title": "\u0428\u0430\u0431\u043b\u043e\u043d 2", "sub_title": "\u041f\u0443\u0441\u0442\u043e\u0439 \u0448\u0430\u0431\u043b\u043e\u043d", "text": "<div style=\"margin-left:28.7969px; margin-right:14.3984px\">\r\n<h2 style=\"margin-left:0px; margin-right:0px\">\u0427\u0442\u043e \u0442\u0430\u043a\u043e\u0435 Lorem Ipsum?</h2>\r\n\r\n<p><img src=\"/media/uploads/2022/03/26/image-20220326114711-1.png\" style=\"height:422px; width:714px\" /></p>\r\n\r\n<p style=\"margin-left:0px; margin-right:0px\"><strong>Lorem Ipsum</strong>&nbsp;- \u044d\u0442\u043e \u0442\u0435\u043a\u0441\u0442-&quot;\u0440\u044b\u0431\u0430&quot;, \u0447\u0430\u0441\u0442\u043e \u0438\u0441\u043f\u043e\u043b\u044c\u0437\u0443\u0435\u043c\u044b\u0439 \u0432 \u043f\u0435\u0447\u0430\u0442\u0438 \u0438 \u0432\u044d\u0431-\u0434\u0438\u0437\u0430\u0439\u043d\u0435. Lorem Ipsum \u044f\u0432\u043b\u044f\u0435\u0442\u0441\u044f \u0441\u0442\u0430\u043d\u0434\u0430\u0440\u0442\u043d\u043e\u0439 &quot;\u0440\u044b\u0431\u043e\u0439&quot; \u0434\u043b\u044f \u0442\u0435\u043a\u0441\u0442\u043e\u0432 \u043d\u0430 \u043b\u0430\u0442\u0438\u043d\u0438\u0446\u0435 \u0441 \u043d\u0430\u0447\u0430\u043b\u0430 XVI \u0432\u0435\u043a\u0430. \u0412 \u0442\u043e \u0432\u0440\u0435\u043c\u044f \u043d\u0435\u043a\u0438\u0439 \u0431\u0435\u0437\u044b\u043c\u044f\u043d\u043d\u044b\u0439 \u043f\u0435\u0447\u0430\u0442\u043d\u0438\u043a \u0441\u043e\u0437\u0434\u0430\u043b \u0431\u043e\u043b\u044c\u0448\u0443\u044e \u043a\u043e\u043b\u043b\u0435\u043a\u0446\u0438\u044e \u0440\u0430\u0437\u043c\u0435\u0440\u043e\u0432 \u0438 \u0444\u043e\u0440\u043c \u0448\u0440\u0438\u0444\u0442\u043e\u0432, \u0438\u0441\u043f\u043e\u043b\u044c\u0437\u0443\u044f Lorem Ipsum \u0434\u043b\u044f \u0440\u0430\u0441\u043f\u0435\u0447\u0430\u0442\u043a\u0438 \u043e\u0431\u0440\u0430\u0437\u0446\u043e\u0432. Lorem Ipsum \u043d\u0435 \u0442\u043e\u043b\u044c\u043a\u043e \u0443\u0441\u043f\u0435\u0448\u043d\u043e \u043f\u0435\u0440\u0435\u0436\u0438\u043b \u0431\u0435\u0437 \u0437\u0430\u043c\u0435\u0442\u043d\u044b\u0445 \u0438\u0437\u043c\u0435\u043d\u0435\u043d\u0438\u0439 \u043f\u044f\u0442\u044c \u0432\u0435\u043a\u043e\u0432, \u043d\u043e \u0438 \u043f\u0435\u0440\u0435\u0448\u0430\u0433\u043d\u0443\u043b \u0432 \u044d\u043b\u0435\u043a\u0442\u0440\u043e\u043d\u043d\u044b\u0439 \u0434\u0438\u0437\u0430\u0439\u043d. \u0415\u0433\u043e \u043f\u043e\u043f\u0443\u043b\u044f\u0440\u0438\u0437\u0430\u0446\u0438\u0438 \u0432 \u043d\u043e\u0432\u043e\u0435 \u0432\u0440\u0435\u043c\u044f \u043f\u043e\u0441\u043b\u0443\u0436\u0438\u043b\u0438 \u043f\u0443\u0431\u043b\u0438\u043a\u0430\u0446\u0438\u044f \u043b\u0438\u0441\u0442\u043e\u0432 Letraset \u0441 \u043e\u0431\u0440\u0430\u0437\u0446\u0430\u043c\u0438 Lorem Ipsum \u0432 60-\u0445 \u0433\u043e\u0434\u0430\u0445 \u0438, \u0432 \u0431\u043e\u043b\u0435\u0435 \u043d\u0435\u0434\u0430\u0432\u043d\u0435\u0435 \u0432\u0440\u0435\u043c\u044f, \u043f\u0440\u043e\u0433\u0440\u0430\u043c\u043c\u044b \u044d\u043b\u0435\u043a\u0442\u0440\u043e\u043d\u043d\u043e\u0439 \u0432\u0451\u0440\u0441\u0442\u043a\u0438 \u0442\u0438\u043f\u0430 Aldus PageMaker, \u0432 \u0448\u0430\u0431\u043b\u043e\u043d\u0430\u0445 \u043a\u043e\u0442\u043e\u0440\u044b\u0445 \u0438\u0441\u043f\u043e\u043b\u044c\u0437\u0443\u0435\u0442\u0441\u044f Lorem Ipsum.</p>\r\n\r\n<p style=\"margin-left:0px; margin-right:0px\">&nbsp;</p>\r\n\r\n<p style=\"margin-left:0px; margin-right:0px\">&nbsp;</p>\r\n\r\n<p style=\"margin-left:0px; margin-right:0px\">&nbsp;</p>\r\n</div>\r\n\r\n<div style=\"margin-left:14.3984px; margin-right:28.7969px\">\r\n<h2 style=\"margin-left:0px; margin-right:0px\">\u041f\u043e\u0447\u0435\u043c\u0443 \u043e\u043d \u0438\u0441\u043f\u043e\u043b\u044c\u0437\u0443\u0435\u0442\u0441\u044f?</h2>\r\n\r\n<p style=\"margin-left:0px; margin-right:0px\">\u0414\u0430\u0432\u043d\u043e \u0432\u044b\u044f\u0441\u043d\u0435\u043d\u043e, \u0447\u0442\u043e \u043f\u0440\u0438 \u043e\u0446\u0435\u043d\u043a\u0435 \u0434\u0438\u0437\u0430\u0439\u043d\u0430 \u0438 \u043a\u043e\u043c\u043f\u043e\u0437\u0438\u0446\u0438\u0438 \u0447\u0438\u0442\u0430\u0435\u043c\u044b\u0439 \u0442\u0435\u043a\u0441\u0442 \u043c\u0435\u0448\u0430\u0435\u0442 \u0441\u043e\u0441\u0440\u0435\u0434\u043e\u0442\u043e\u0447\u0438\u0442\u044c\u0441\u044f. Lorem Ipsum \u0438\u0441\u043f\u043e\u043b\u044c\u0437\u0443\u044e\u0442 \u043f\u043e\u0442\u043e\u043c\u0443, \u0447\u0442\u043e \u0442\u043e\u0442 \u043e\u0431\u0435\u0441\u043f\u0435\u0447\u0438\u0432\u0430\u0435\u0442 \u0431\u043e\u043b\u0435\u0435 \u0438\u043b\u0438 \u043c\u0435\u043d\u0435\u0435 \u0441\u0442\u0430\u043d\u0434\u0430\u0440\u0442\u043d\u043e\u0435 \u0437\u0430\u043f\u043e\u043b\u043d\u0435\u043d\u0438\u0435 \u0448\u0430\u0431\u043b\u043e\u043d\u0430, \u0430 \u0442\u0430\u043a\u0436\u0435 \u0440\u0435\u0430\u043b\u044c\u043d\u043e\u0435 \u0440\u0430\u0441\u043f\u0440\u0435\u0434\u0435\u043b\u0435\u043d\u0438\u0435 \u0431\u0443\u043a\u0432 \u0438 \u043f\u0440\u043e\u0431\u0435\u043b\u043e\u0432 \u0432 \u0430\u0431\u0437\u0430\u0446\u0430\u0445, \u043a\u043e\u0442\u043e\u0440\u043e\u0435 \u043d\u0435 \u043f\u043e\u043b\u0443\u0447\u0430\u0435\u0442\u0441\u044f \u043f\u0440\u0438 \u043f\u0440\u043e\u0441\u0442\u043e\u0439 \u0434\u0443\u0431\u043b\u0438\u043a\u0430\u0446\u0438\u0438 &quot;\u0417\u0434\u0435\u0441\u044c \u0432\u0430\u0448 \u0442\u0435\u043a\u0441\u0442.. \u0417\u0434\u0435\u0441\u044c \u0432\u0430\u0448 \u0442\u0435\u043a\u0441\u0442.. \u0417\u0434\u0435\u0441\u044c \u0432\u0430\u0448 \u0442\u0435\u043a\u0441\u0442..&quot; \u041c\u043d\u043e\u0433\u0438\u0435 \u043f\u0440\u043e\u0433\u0440\u0430\u043c\u043c\u044b \u044d\u043b\u0435\u043a\u0442\u0440\u043e\u043d\u043d\u043e\u0439 \u0432\u0451\u0440\u0441\u0442\u043a\u0438 \u0438 \u0440\u0435\u0434\u0430\u043a\u0442\u043e\u0440\u044b HTML \u0438\u0441\u043f\u043e\u043b\u044c\u0437\u0443\u044e\u0442 Lorem Ipsum \u0432 \u043a\u0430\u0447\u0435\u0441\u0442\u0432\u0435 \u0442\u0435\u043a\u0441\u0442\u0430 \u043f\u043e \u0443\u043c\u043e\u043b\u0447\u0430\u043d\u0438\u044e, \u0442\u0430\u043a \u0447\u0442\u043e \u043f\u043e\u0438\u0441\u043a \u043f\u043e \u043a\u043b\u044e\u0447\u0435\u0432\u044b\u043c \u0441\u043b\u043e\u0432\u0430\u043c &quot;lorem ipsum&quot; \u0441\u0440\u0430\u0437\u0443 \u043f\u043e\u043a\u0430\u0437\u044b\u0432\u0430\u0435\u0442, \u043a\u0430\u043a \u043c\u043d\u043e\u0433\u043e \u0432\u0435\u0431-\u0441\u0442\u0440\u0430\u043d\u0438\u0446 \u0432\u0441\u0451 \u0435\u0449\u0451 \u0434\u043e\u0436\u0438\u0434\u0430\u044e\u0442\u0441\u044f \u0441\u0432\u043e\u0435\u0433\u043e \u043d\u0430\u0441\u0442\u043e\u044f\u0449\u0435\u0433\u043e \u0440\u043e\u0436\u0434\u0435\u043d\u0438\u044f. \u0417\u0430 \u043f\u0440\u043e\u0448\u0435\u0434\u0448\u0438\u0435 \u0433\u043e\u0434\u044b \u0442\u0435\u043a\u0441\u0442 Lorem Ipsum \u043f\u043e\u043b\u0443\u0447\u0438\u043b \u043c\u043d\u043e\u0433\u043e \u0432\u0435\u0440\u0441\u0438\u0439. \u041d\u0435\u043a\u043e\u0442\u043e\u0440\u044b\u0435 \u0432\u0435\u0440\u0441\u0438\u0438 \u043f\u043e\u044f\u0432\u0438\u043b\u0438\u0441\u044c \u043f\u043e \u043e\u0448\u0438\u0431\u043a\u0435, \u043d\u0435\u043a\u043e\u0442\u043e\u0440\u044b\u0435 - \u043d\u0430\u043c\u0435\u0440\u0435\u043d\u043d\u043e (\u043d\u0430\u043f\u0440\u0438\u043c\u0435\u0440, \u044e\u043c\u043e\u0440\u0438\u0441\u0442\u0438\u0447\u0435\u0441\u043a\u0438\u0435 \u0432\u0430\u0440\u0438\u0430\u043d\u0442\u044b).</p>\r\n</div>\r\n\r\n<p>&nbsp;</p>\r\n\r\n<div style=\"margin-left:28.7969px; margin-right:14.3984px\">\r\n<h2 style=\"margin-left:0px; margin-right:0px\">\u041e\u0442\u043a\u0443\u0434\u0430 \u043e\u043d \u043f\u043e\u044f\u0432\u0438\u043b\u0441\u044f?</h2>\r\n\r\n<p style=\"margin-left:0px; margin-right:0px\">\u041c\u043d\u043e\u0433\u0438\u0435 \u0434\u0443\u043c\u0430\u044e\u0442, \u0447\u0442\u043e Lorem Ipsum - \u0432\u0437\u044f\u0442\u044b\u0439 \u0441 \u043f\u043e\u0442\u043e\u043b\u043a\u0430 \u043f\u0441\u0435\u0432\u0434\u043e-\u043b\u0430\u0442\u0438\u043d\u0441\u043a\u0438\u0439 \u043d\u0430\u0431\u043e\u0440 \u0441\u043b\u043e\u0432, \u043d\u043e \u044d\u0442\u043e \u043d\u0435 \u0441\u043e\u0432\u0441\u0435\u043c \u0442\u0430\u043a. \u0415\u0433\u043e \u043a\u043e\u0440\u043d\u0438 \u0443\u0445\u043e\u0434\u044f\u0442 \u0432 \u043e\u0434\u0438\u043d \u0444\u0440\u0430\u0433\u043c\u0435\u043d\u0442 \u043a\u043b\u0430\u0441\u0441\u0438\u0447\u0435\u0441\u043a\u043e\u0439 \u043b\u0430\u0442\u044b\u043d\u0438 45 \u0433\u043e\u0434\u0430 \u043d.\u044d., \u0442\u043e \u0435\u0441\u0442\u044c \u0431\u043e\u043b\u0435\u0435 \u0434\u0432\u0443\u0445 \u0442\u044b\u0441\u044f\u0447\u0435\u043b\u0435\u0442\u0438\u0439 \u043d\u0430\u0437\u0430\u0434. \u0420\u0438\u0447\u0430\u0440\u0434 \u041c\u0430\u043a\u041a\u043b\u0438\u043d\u0442\u043e\u043a, \u043f\u0440\u043e\u0444\u0435\u0441\u0441\u043e\u0440 \u043b\u0430\u0442\u044b\u043d\u0438 \u0438\u0437 \u043a\u043e\u043b\u043b\u0435\u0434\u0436\u0430 Hampden-Sydney, \u0448\u0442\u0430\u0442 \u0412\u0438\u0440\u0434\u0436\u0438\u043d\u0438\u044f, \u0432\u0437\u044f\u043b \u043e\u0434\u043d\u043e \u0438\u0437 \u0441\u0430\u043c\u044b\u0445 \u0441\u0442\u0440\u0430\u043d\u043d\u044b\u0445 \u0441\u043b\u043e\u0432 \u0432 Lorem Ipsum, &quot;consectetur&quot;, \u0438 \u0437\u0430\u043d\u044f\u043b\u0441\u044f \u0435\u0433\u043e \u043f\u043e\u0438\u0441\u043a\u0430\u043c\u0438 \u0432 \u043a\u043b\u0430\u0441\u0441\u0438\u0447\u0435\u0441\u043a\u043e\u0439 \u043b\u0430\u0442\u0438\u043d\u0441\u043a\u043e\u0439 \u043b\u0438\u0442\u0435\u0440\u0430\u0442\u0443\u0440\u0435. \u0412 \u0440\u0435\u0437\u0443\u043b\u044c\u0442\u0430\u0442\u0435 \u043e\u043d \u043d\u0430\u0448\u0451\u043b \u043d\u0435\u043e\u0441\u043f\u043e\u0440\u0438\u043c\u044b\u0439 \u043f\u0435\u0440\u0432\u043e\u0438\u0441\u0442\u043e\u0447\u043d\u0438\u043a Lorem Ipsum \u0432 \u0440\u0430\u0437\u0434\u0435\u043b\u0430\u0445 1.10.32 \u0438 1.10.33 \u043a\u043d\u0438\u0433\u0438 &quot;de Finibus Bonorum et Malorum&quot; (&quot;\u041e \u043f\u0440\u0435\u0434\u0435\u043b\u0430\u0445 \u0434\u043e\u0431\u0440\u0430 \u0438 \u0437\u043b\u0430&quot;), \u043d\u0430\u043f\u0438\u0441\u0430\u043d\u043d\u043e\u0439 \u0426\u0438\u0446\u0435\u0440\u043e\u043d\u043e\u043c \u0432 45 \u0433\u043e\u0434\u0443 \u043d.\u044d. \u042d\u0442\u043e\u0442 \u0442\u0440\u0430\u043a\u0442\u0430\u0442 \u043f\u043e \u0442\u0435\u043e\u0440\u0438\u0438 \u044d\u0442\u0438\u043a\u0438 \u0431\u044b\u043b \u043e\u0447\u0435\u043d\u044c \u043f\u043e\u043f\u0443\u043b\u044f\u0440\u0435\u043d \u0432 \u044d\u043f\u043e\u0445\u0443 \u0412\u043e\u0437\u0440\u043e\u0436\u0434\u0435\u043d\u0438\u044f. \u041f\u0435\u0440\u0432\u0430\u044f \u0441\u0442\u0440\u043e\u043a\u0430 Lorem Ipsum, &quot;Lorem ipsum dolor sit amet..&quot;, \u043f\u0440\u043e\u0438\u0441\u0445\u043e\u0434\u0438\u0442 \u043e\u0442 \u043e\u0434\u043d\u043e\u0439 \u0438\u0437 \u0441\u0442\u0440\u043e\u043a \u0432 \u0440\u0430\u0437\u0434\u0435\u043b\u0435 1.10.32</p>\r\n\r\n<p style=\"margin-left:0px; margin-right:0px\">\u041a\u043b\u0430\u0441\u0441\u0438\u0447\u0435\u0441\u043a\u0438\u0439 \u0442\u0435\u043a\u0441\u0442 Lorem Ipsum, \u0438\u0441\u043f\u043e\u043b\u044c\u0437\u0443\u0435\u043c\u044b\u0439 \u0441 XVI \u0432\u0435\u043a\u0430, \u043f\u0440\u0438\u0432\u0435\u0434\u0451\u043d \u043d\u0438\u0436\u0435. \u0422\u0430\u043a\u0436\u0435 \u0434\u0430\u043d\u044b \u0440\u0430\u0437\u0434\u0435\u043b\u044b 1.10.32 \u0438 1.10.33 &quot;de Finibus Bonorum et Malorum&quot; \u0426\u0438\u0446\u0435\u0440\u043e\u043d\u0430 \u0438 \u0438\u0445 \u0430\u043d\u0433\u043b\u0438\u0439\u0441\u043a\u0438\u0439 \u043f\u0435\u0440\u0435\u0432\u043e\u0434, \u0441\u0434\u0435\u043b\u0430\u043d\u043d\u044b\u0439 H. Rackham, 1914 \u0433\u043e\u0434.</p>\r\n</div>\r\n\r\n<div style=\"margin-left:14.3984px; margin-right:28.7969px\">\r\n<h2 style=\"margin-left:0px; margin-right:0px\">\u0413\u0434\u0435 \u0435\u0433\u043e \u0432\u0437\u044f\u0442\u044c?</h2>\r\n\r\n<p style=\"margin-left:0px; margin-right:0px\">\u0415\u0441\u0442\u044c \u043c\u043d\u043e\u0433\u043e \u0432\u0430\u0440\u0438\u0430\u043d\u0442\u043e\u0432 Lorem Ipsum, \u043d\u043e \u0431\u043e\u043b\u044c\u0448\u0438\u043d\u0441\u0442\u0432\u043e \u0438\u0437 \u043d\u0438\u0445 \u0438\u043c\u0435\u0435\u0442 \u043d\u0435 \u0432\u0441\u0435\u0433\u0434\u0430 \u043f\u0440\u0438\u0435\u043c\u043b\u0435\u043c\u044b\u0435 \u043c\u043e\u0434\u0438\u0444\u0438\u043a\u0430\u0446\u0438\u0438, \u043d\u0430\u043f\u0440\u0438\u043c\u0435\u0440, \u044e\u043c\u043e\u0440\u0438\u0441\u0442\u0438\u0447\u0435\u0441\u043a\u0438\u0435 \u0432\u0441\u0442\u0430\u0432\u043a\u0438 \u0438\u043b\u0438 \u0441\u043b\u043e\u0432\u0430, \u043a\u043e\u0442\u043e\u0440\u044b\u0435 \u0434\u0430\u0436\u0435 \u043e\u0442\u0434\u0430\u043b\u0451\u043d\u043d\u043e \u043d\u0435 \u043d\u0430\u043f\u043e\u043c\u0438\u043d\u0430\u044e\u0442 \u043b\u0430\u0442\u044b\u043d\u044c. \u0415\u0441\u043b\u0438 \u0432\u0430\u043c \u043d\u0443\u0436\u0435\u043d Lorem Ipsum \u0434\u043b\u044f \u0441\u0435\u0440\u044c\u0451\u0437\u043d\u043e\u0433\u043e \u043f\u0440\u043e\u0435\u043a\u0442\u0430, \u0432\u044b \u043d\u0430\u0432\u0435\u0440\u043d\u044f\u043a\u0430 \u043d\u0435 \u0445\u043e\u0442\u0438\u0442\u0435 \u043a\u0430\u043a\u043e\u0439-\u043d\u0438\u0431\u0443\u0434\u044c \u0448\u0443\u0442\u043a\u0438, \u0441\u043a\u0440\u044b\u0442\u043e\u0439 \u0432 \u0441\u0435\u0440\u0435\u0434\u0438\u043d\u0435 \u0430\u0431\u0437\u0430\u0446\u0430. \u0422\u0430\u043a\u0436\u0435 \u0432\u0441\u0435 \u0434\u0440\u0443\u0433\u0438\u0435 \u0438\u0437\u0432\u0435\u0441\u0442\u043d\u044b\u0435 \u0433\u0435\u043d\u0435\u0440\u0430\u0442\u043e\u0440\u044b Lorem Ipsum \u0438\u0441\u043f\u043e\u043b\u044c\u0437\u0443\u044e\u0442 \u043e\u0434\u0438\u043d \u0438 \u0442\u043e\u0442 \u0436\u0435 \u0442\u0435\u043a\u0441\u0442, \u043a\u043e\u0442\u043e\u0440\u044b\u0439 \u043e\u043d\u0438 \u043f\u0440\u043e\u0441\u0442\u043e \u043f\u043e\u0432\u0442\u043e\u0440\u044f\u044e\u0442, \u043f\u043e\u043a\u0430 \u043d\u0435 \u0434\u043e\u0441\u0442\u0438\u0433\u043d\u0443\u0442 \u043d\u0443\u0436\u043d\u044b\u0439 \u043e\u0431\u044a\u0451\u043c. \u042d\u0442\u043e \u0434\u0435\u043b\u0430\u0435\u0442 \u043f\u0440\u0435\u0434\u043b\u0430\u0433\u0430\u0435\u043c\u044b\u0439 \u0437\u0434\u0435\u0441\u044c \u0433\u0435\u043d\u0435\u0440\u0430\u0442\u043e\u0440 \u0435\u0434\u0438\u043d\u0441\u0442\u0432\u0435\u043d\u043d\u044b\u043c \u043d\u0430\u0441\u0442\u043e\u044f\u0449\u0438\u043c Lorem Ipsum \u0433\u0435\u043d\u0435\u0440\u0430\u0442\u043e\u0440\u043e\u043c. \u041e\u043d \u0438\u0441\u043f\u043e\u043b\u044c\u0437\u0443\u0435\u0442 \u0441\u043b\u043e\u0432\u0430\u0440\u044c \u0438\u0437 \u0431\u043e\u043b\u0435\u0435 \u0447\u0435\u043c 200 \u043b\u0430\u0442\u0438\u043d\u0441\u043a\u0438\u0445 \u0441\u043b\u043e\u0432, \u0430 \u0442\u0430\u043a\u0436\u0435 \u043d\u0430\u0431\u043e\u0440 \u043c\u043e\u0434\u0435\u043b\u0435\u0439 \u043f\u0440\u0435\u0434\u043b\u043e\u0436\u0435\u043d\u0438\u0439. \u0412 \u0440\u0435\u0437\u0443\u043b\u044c\u0442\u0430\u0442\u0435 \u0441\u0433\u0435\u043d\u0435\u0440\u0438\u0440\u043e\u0432\u0430\u043d\u043d\u044b\u0439 Lorem Ipsum \u0432\u044b\u0433\u043b\u044f\u0434\u0438\u0442 \u043f\u0440\u0430\u0432\u0434\u043e\u043f\u043e\u0434\u043e\u0431\u043d\u043e, \u043d\u0435 \u0438\u043c\u0435\u0435\u0442 \u043f\u043e\u0432\u0442\u043e\u0440\u044f\u044e\u0449\u0438\u0445\u0441\u044f \u0430\u0431\u0437\u0430\u0446\u0435\u0439 \u0438\u043b\u0438 &quot;\u043d\u0435\u0432\u043e\u0437\u043c\u043e\u0436\u043d\u044b\u0445&quot; \u0441\u043b\u043e\u0432.</p>\r\n</div>", "edit_date": "2022-03-26T08:54:01.769Z", "published_date": "2022-03-26T08:47:55Z", "published": true, "template": "pages/empty.html", "registration_required": true, "slug": "/shablon-2/"}}, {"model": "admin.logentry", "pk": 1, "fields": {"action_time": "2022-03-19T08:50:16.178Z", "user": 1, "content_type": 10, "object_id": "1", "object_repr": "\u043c\u043e\u0441\u043a\u0432\u0430", "action_flag": 1, "change_message": "[{\"added\": {}}]"}}, {"model": "admin.logentry", "pk": 2, "fields": {"action_time": "2022-03-19T08:50:37.367Z", "user": 1, "content_type": 10, "object_id": "2", "object_repr": "\u0441\u043f\u043e\u0440\u0442", "action_flag": 1, "change_message": "[{\"added\": {}}]"}}, {"model": "admin.logentry", "pk": 3, "fields": {"action_time": "2022-03-19T09:11:30.005Z", "user": 1, "content_type": 10, "object_id": "3", "object_repr": "\u043f\u043e\u043b\u0438\u0442\u0438\u043a\u0430", "action_flag": 1, "change_message": "[{\"added\": {}}]"}}, {"model": "admin.logentry", "pk": 4, "fields": {"action_time": "2022-03-19T09:11:56.351Z", "user": 1, "content_type": 10, "object_id": "4", "object_repr": "\u0444\u0443\u0442\u0431\u043e\u043b", "action_flag": 1, "change_message": "[{\"added\": {}}]"}}, {"model": "admin.logentry", "pk": 5, "fields": {"action_time": "2022-03-19T09:12:23.214Z", "user": 1, "content_type": 10, "object_id": "5", "object_repr": "\u0431\u0430\u0441\u043a\u0435\u0442\u0431\u043e\u043b", "action_flag": 1, "change_message": "[{\"added\": {}}]"}}, {"model": "admin.logentry", "pk": 6, "fields": {"action_time": "2022-03-19T09:16:28.356Z", "user": 1, "content_type": 16, "object_id": "1", "object_repr": "\u0433\u043b\u0430\u0432\u043d\u0430\u044f", "action_flag": 1, "change_message": "[{\"added\": {}}]"}}, {"model": "admin.logentry", "pk": 7, "fields": {"action_time": "2022-03-19T09:16:50.430Z", "user": 1, "content_type": 16, "object_id": "1", "object_repr": "\u0433\u043b\u0430\u0432\u043d\u0430\u044f", "action_flag": 2, "change_message": "[{\"changed\": {\"fields\": [\"slug\"]}}]"}}, {"model": "admin.logentry", "pk": 8, "fields": {"action_time": "2022-03-19T09:17:29.443Z", "user": 1, "content_type": 16, "object_id": "1", "object_repr": "\u0433\u043b\u0430\u0432\u043d\u0430\u044f", "action_flag": 2, "change_message": "[{\"changed\": {\"fields\": [\"text\"]}}]"}}, {"model": "admin.logentry", "pk": 9, "fields": {"action_time": "2022-03-19T09:18:33.119Z", "user": 1, "content_type": 16, "object_id": "1", "object_repr": "\u0433\u043b\u0430\u0432\u043d\u0430\u044f", "action_flag": 2, "change_message": "[{\"changed\": {\"fields\": [\"text\"]}}]"}}, {"model": "admin.logentry", "pk": 10, "fields": {"action_time": "2022-03-19T09:19:33.797Z", "user": 1, "content_type": 16, "object_id": "2", "object_repr": "\u0442\u0435\u0441\u0442\u043e\u0432\u0430\u044f \u0441\u0442\u0440\u0430\u043d\u0438\u0446\u0430", "action_flag": 1, "change_message": "[{\"added\": {}}]"}}, {"model": "admin.logentry", "pk": 11, "fields": {"action_time": "2022-03-19T09:20:03.714Z", "user": 1, "content_type": 14, "object_id": "1", "object_repr": "\u0433\u043b\u0430\u0432\u043d\u043e\u0435 \u043c\u0435\u043d\u044e", "action_flag": 1, "change_message": "[{\"added\": {}}]"}}, {"model": "admin.logentry", "pk": 12, "fields": {"action_time": "2022-03-19T09:21:55.991Z", "user": 1, "content_type": 15, "object_id": "1", "object_repr": "main", "action_flag": 1, "change_message": "[{\"added\": {}}]"}}, {"model": "admin.logentry", "pk": 13, "fields": {"action_time": "2022-03-19T09:22:16.967Z", "user": 1, "content_type": 15, "object_id": "2", "object_repr": "test", "action_flag": 1, "change_message": "[{\"added\": {}}]"}}, {"model": "admin.logentry", "pk": 14, "fields": {"action_time": "2022-03-19T09:59:37.996Z", "user": 1, "content_type": 15, "object_id": "2", "object_repr": "test", "action_flag": 2, "change_message": "[{\"changed\": {\"fields\": [\"content_type\"]}}]"}}, {"model": "admin.logentry", "pk": 15, "fields": {"action_time": "2022-03-19T10:04:50.290Z", "user": 1, "content_type": 11, "object_id": "1", "object_repr": "\u043d\u043e\u0432\u043e\u0441\u0442\u0438", "action_flag": 1, "change_message": "[{\"added\": {}}]"}}, {"model": "admin.logentry", "pk": 16, "fields": {"action_time": "2022-03-19T10:05:10.015Z", "user": 1, "content_type": 11, "object_id": "2", "object_repr": "\u043c\u043e\u0441\u043a\u0432\u0430", "action_flag": 1, "change_message": "[{\"added\": {}}]"}}, {"model": "admin.logentry", "pk": 17, "fields": {"action_time": "2022-03-19T10:05:25.478Z", "user": 1, "content_type": 11, "object_id": "3", "object_repr": "\u043f\u043e\u043b\u0438\u0442\u0438\u043a\u0430", "action_flag": 1, "change_message": "[{\"added\": {}}]"}}, {"model": "admin.logentry", "pk": 18, "fields": {"action_time": "2022-03-19T10:05:40.003Z", "user": 1, "content_type": 11, "object_id": "4", "object_repr": "\u0441\u043f\u043e\u0440\u0442", "action_flag": 1, "change_message": "[{\"added\": {}}]"}}, {"model": "admin.logentry", "pk": 19, "fields": {"action_time": "2022-03-19T10:05:51.197Z", "user": 1, "content_type": 11, "object_id": "5", "object_repr": "\u043f\u0440\u043e\u0441\u0442\u043e \u0442\u0435\u0433", "action_flag": 1, "change_message": "[{\"added\": {}}]"}}, {"model": "admin.logentry", "pk": 20, "fields": {"action_time": "2022-03-19T10:06:03.200Z", "user": 1, "content_type": 12, "object_id": "1", "object_repr": "\u0417\u0430\u043c\u043c\u044d\u0440\u0430 \u041c\u043e\u0441\u043a\u0432\u044b \u0411\u0438\u0440\u044e\u043a\u043e\u0432 \u0437\u0430\u044f\u0432\u0438\u043b, \u0447\u0442\u043e \u0441\u0442\u043e\u043b\u0438\u0447\u043d\u044b\u0435 \u043f\u0440\u0438\u0447\u0430\u043b\u044b \u043d\u0430\u0447\u0430\u043b\u0438 \u0433\u043e\u0442\u043e\u0432\u0438\u0442\u044c \u043a \u043e\u0442\u043a\u0440\u044b\u0442\u0438\u044e \u043d\u0430\u0432\u0438\u0433\u0430\u0446\u0438\u0438", "action_flag": 1, "change_message": "[{\"added\": {}}]"}}, {"model": "admin.logentry", "pk": 21, "fields": {"action_time": "2022-03-19T10:20:23.824Z", "user": 1, "content_type": 12, "object_id": "2", "object_repr": "\u0412 \u0424\u0410\u0421 \u043f\u043e \u041c\u043e\u0441\u043a\u0432\u0435 \u0441\u043e\u043e\u0431\u0449\u0438\u043b\u0438, \u0447\u0442\u043e \u0442\u043e\u0440\u0433\u043e\u0432\u044b\u0435 \u0441\u0435\u0442\u0438 \u043f\u0440\u0438\u0441\u043e\u0435\u0434\u0438\u043d\u0438\u043b\u0438\u0441\u044c \u043a \u0438\u0434\u0435\u0435 \u043f\u043e \u043e\u0433\u0440\u0430\u043d\u0438\u0447\u0435\u043d\u0438\u044e \u043d\u0430\u0446\u0435\u043d\u043e\u043a", "action_flag": 1, "change_message": "[{\"added\": {}}]"}}, {"model": "admin.logentry", "pk": 22, "fields": {"action_time": "2022-03-19T10:20:45.977Z", "user": 1, "content_type": 12, "object_id": "1", "object_repr": "\u0417\u0430\u043c\u043c\u044d\u0440\u0430 \u041c\u043e\u0441\u043a\u0432\u044b \u0411\u0438\u0440\u044e\u043a\u043e\u0432 \u0437\u0430\u044f\u0432\u0438\u043b, \u0447\u0442\u043e \u0441\u0442\u043e\u043b\u0438\u0447\u043d\u044b\u0435 \u043f\u0440\u0438\u0447\u0430\u043b\u044b \u043d\u0430\u0447\u0430\u043b\u0438 \u0433\u043e\u0442\u043e\u0432\u0438\u0442\u044c \u043a \u043e\u0442\u043a\u0440\u044b\u0442\u0438\u044e \u043d\u0430\u0432\u0438\u0433\u0430\u0446\u0438\u0438", "action_flag": 2, "change_message": "[{\"changed\": {\"fields\": [\"image\", \"tags\"]}}]"}}, {"model": "admin.logentry", "pk": 23, "fields": {"action_time": "2022-03-19T10:23:18.742Z", "user": 1, "content_type": 12, "object_id": "3", "object_repr": "\u0412 \u0413\u0438\u0434\u0440\u043e\u043c\u0435\u0442\u0446\u0435\u043d\u0442\u0440\u0435 \u043f\u043e\u043e\u0431\u0435\u0449\u0430\u043b\u0438 \u043c\u043e\u0441\u043a\u0432\u0438\u0447\u0430\u043c \u0432\u0435\u0441\u0435\u043d\u043d\u044e\u044e \u043f\u043e\u0433\u043e\u0434\u0443 \u0432 \u0431\u043b\u0438\u0436\u0430\u0439\u0448\u0438\u0435 \u0434\u043d\u0438", "action_flag": 1, "change_message": "[{\"added\": {}}]"}}, {"model": "admin.logentry", "pk": 24, "fields": {"action_time": "2022-03-22T14:53:18.903Z", "user": 1, "content_type": 14, "object_id": "1", "object_repr": "\u0433\u043b\u0430\u0432\u043d\u043e\u0435 \u043c\u0435\u043d\u044e", "action_flag": 3, "change_message": ""}}, {"model": "admin.logentry", "pk": 25, "fields": {"action_time": "2022-03-22T14:53:32.912Z", "user": 1, "content_type": 14, "object_id": "2", "object_repr": "\u0413\u043b\u0430\u0432\u043d\u043e\u0435 \u043c\u0435\u043d\u044e", "action_flag": 1, "change_message": "[{\"added\": {}}]"}}, {"model": "admin.logentry", "pk": 26, "fields": {"action_time": "2022-03-22T14:54:00.762Z", "user": 1, "content_type": 15, "object_id": "3", "object_repr": "main", "action_flag": 1, "change_message": "[{\"added\": {}}]"}}, {"model": "admin.logentry", "pk": 27, "fields": {"action_time": "2022-03-22T14:54:30.554Z", "user": 1, "content_type": 15, "object_id": "4", "object_repr": "test", "action_flag": 1, "change_message": "[{\"added\": {}}]"}}, {"model": "admin.logentry", "pk": 28, "fields": {"action_time": "2022-03-22T15:24:08.402Z", "user": 1, "content_type": 15, "object_id": "5", "object_repr": "ssilka_naws", "action_flag": 1, "change_message": "[{\"added\": {}}]"}}, {"model": "admin.logentry", "pk": 29, "fields": {"action_time": "2022-03-24T18:02:00.132Z", "user": 1, "content_type": 12, "object_id": "4", "object_repr": "\u0420\u043e\u043d\u0430\u043b\u0434\u0438\u043d\u044c\u043e \u043d\u0430\u0437\u0432\u0430\u043b \u041c\u0430\u043b\u044c\u0434\u0438\u043d\u0438 \u043b\u0443\u0447\u0448\u0438\u043c \u0444\u0443\u0442\u0431\u043e\u043b\u0438\u0441\u0442\u043e\u043c, \u0441 \u043a\u043e\u0442\u043e\u0440\u044b\u043c \u0435\u043c\u0443 \u0434\u043e\u0432\u0435\u043b\u043e\u0441\u044c \u0438\u0433\u0440\u0430\u0442\u044c", "action_flag": 1, "change_message": "[{\"added\": {}}]"}}, {"model": "admin.logentry", "pk": 30, "fields": {"action_time": "2022-03-24T18:03:04.052Z", "user": 1, "content_type": 12, "object_id": "4", "object_repr": "\u0420\u043e\u043d\u0430\u043b\u0434\u0438\u043d\u044c\u043e \u043d\u0430\u0437\u0432\u0430\u043b \u041c\u0430\u043b\u044c\u0434\u0438\u043d\u0438 \u043b\u0443\u0447\u0448\u0438\u043c \u0444\u0443\u0442\u0431\u043e\u043b\u0438\u0441\u0442\u043e\u043c, \u0441 \u043a\u043e\u0442\u043e\u0440\u044b\u043c \u0435\u043c\u0443 \u0434\u043e\u0432\u0435\u043b\u043e\u0441\u044c \u0438\u0433\u0440\u0430\u0442\u044c", "action_flag": 2, "change_message": "[{\"changed\": {\"fields\": [\"published\"]}}]"}}, {"model": "admin.logentry", "pk": 31, "fields": {"action_time": "2022-03-24T18:04:24.558Z", "user": 1, "content_type": 12, "object_id": "4", "object_repr": "\u0420\u043e\u043d\u0430\u043b\u0434\u0438\u043d\u044c\u043e \u043d\u0430\u0437\u0432\u0430\u043b \u041c\u0430\u043b\u044c\u0434\u0438\u043d\u0438 \u043b\u0443\u0447\u0448\u0438\u043c \u0444\u0443\u0442\u0431\u043e\u043b\u0438\u0441\u0442\u043e\u043c, \u0441 \u043a\u043e\u0442\u043e\u0440\u044b\u043c \u0435\u043c\u0443 \u0434\u043e\u0432\u0435\u043b\u043e\u0441\u044c \u0438\u0433\u0440\u0430\u0442\u044c", "action_flag": 2, "change_message": "[{\"changed\": {\"fields\": [\"image\"]}}]"}}, {"model": "admin.logentry", "pk": 32, "fields": {"action_time": "2022-03-24T18:04:35.795Z", "user": 1, "content_type": 12, "object_id": "4", "object_repr": "\u0420\u043e\u043d\u0430\u043b\u0434\u0438\u043d\u044c\u043e \u043d\u0430\u0437\u0432\u0430\u043b \u041c\u0430\u043b\u044c\u0434\u0438\u043d\u0438 \u043b\u0443\u0447\u0448\u0438\u043c \u0444\u0443\u0442\u0431\u043e\u043b\u0438\u0441\u0442\u043e\u043c, \u0441 \u043a\u043e\u0442\u043e\u0440\u044b\u043c \u0435\u043c\u0443 \u0434\u043e\u0432\u0435\u043b\u043e\u0441\u044c \u0438\u0433\u0440\u0430\u0442\u044c", "action_flag": 2, "change_message": "[{\"changed\": {\"fields\": [\"published\"]}}]"}}, {"model": "admin.logentry", "pk": 33, "fields": {"action_time": "2022-03-24T18:05:14.011Z", "user": 1, "content_type": 12, "object_id": "2", "object_repr": "\u0412 \u0424\u0410\u0421 \u043f\u043e \u041c\u043e\u0441\u043a\u0432\u0435 \u0441\u043e\u043e\u0431\u0449\u0438\u043b\u0438, \u0447\u0442\u043e \u0442\u043e\u0440\u0433\u043e\u0432\u044b\u0435 \u0441\u0435\u0442\u0438 \u043f\u0440\u0438\u0441\u043e\u0435\u0434\u0438\u043d\u0438\u043b\u0438\u0441\u044c \u043a \u0438\u0434\u0435\u0435 \u043f\u043e \u043e\u0433\u0440\u0430\u043d\u0438\u0447\u0435\u043d\u0438\u044e \u043d\u0430\u0446\u0435\u043d\u043e\u043a", "action_flag": 2, "change_message": "[{\"changed\": {\"fields\": [\"published\"]}}]"}}, {"model": "admin.logentry", "pk": 34, "fields": {"action_time": "2022-03-24T18:05:27.106Z", "user": 1, "content_type": 12, "object_id": "1", "object_repr": "\u0417\u0430\u043c\u043c\u044d\u0440\u0430 \u041c\u043e\u0441\u043a\u0432\u044b \u0411\u0438\u0440\u044e\u043a\u043e\u0432 \u0437\u0430\u044f\u0432\u0438\u043b, \u0447\u0442\u043e \u0441\u0442\u043e\u043b\u0438\u0447\u043d\u044b\u0435 \u043f\u0440\u0438\u0447\u0430\u043b\u044b \u043d\u0430\u0447\u0430\u043b\u0438 \u0433\u043e\u0442\u043e\u0432\u0438\u0442\u044c \u043a \u043e\u0442\u043a\u0440\u044b\u0442\u0438\u044e \u043d\u0430\u0432\u0438\u0433\u0430\u0446\u0438\u0438", "action_flag": 2, "change_message": "[]"}}, {"model": "admin.logentry", "pk": 35, "fields": {"action_time": "2022-03-24T18:06:19.797Z", "user": 1, "content_type": 12, "object_id": "5", "object_repr": "\u0410\u0448\u0440\u0430\u043c, \u043b\u0438\u0448\u0438\u0432\u0448\u0430\u044f \u0410\u0432\u0435\u0440\u0438\u043d\u0443 \u0437\u043e\u043b\u043e\u0442\u0430 \u043d\u0430 \u041e\u0418-2020, \u0440\u0435\u0448\u0438\u043b\u0430 \u0437\u0430\u0432\u0435\u0440\u0448\u0438\u0442\u044c \u043a\u0430\u0440\u044c\u0435\u0440\u0443", "action_flag": 1, "change_message": "[{\"added\": {}}]"}}, {"model": "admin.logentry", "pk": 36, "fields": {"action_time": "2022-03-24T18:08:52.764Z", "user": 1, "content_type": 12, "object_id": "6", "object_repr": "\u041f\u0440\u0430\u0432\u0438\u0442\u0435\u043b\u044c\u0441\u0442\u0432\u043e \u0412\u0435\u043b\u0438\u043a\u043e\u0431\u0440\u0438\u0442\u0430\u043d\u0438\u0438 \u0440\u0430\u0437\u0440\u0435\u0448\u0438\u043b\u043e \u0410\u0431\u0440\u0430\u043c\u043e\u0432\u0438\u0447\u0443 \u0432\u043b\u043e\u0436\u0438\u0442\u044c \u0432 \u00ab\u0427\u0435\u043b\u0441\u0438\u00bb \u0434\u043e 36 \u043c\u043b\u043d \u0435\u0432\u0440\u043e", "action_flag": 1, "change_message": "[{\"added\": {}}]"}}, {"model": "admin.logentry", "pk": 37, "fields": {"action_time": "2022-03-24T18:09:11.187Z", "user": 1, "content_type": 12, "object_id": "6", "object_repr": "\u041f\u0440\u0430\u0432\u0438\u0442\u0435\u043b\u044c\u0441\u0442\u0432\u043e \u0412\u0435\u043b\u0438\u043a\u043e\u0431\u0440\u0438\u0442\u0430\u043d\u0438\u0438 \u0440\u0430\u0437\u0440\u0435\u0448\u0438\u043b\u043e \u0410\u0431\u0440\u0430\u043c\u043e\u0432\u0438\u0447\u0443 \u0432\u043b\u043e\u0436\u0438\u0442\u044c \u0432 \u00ab\u0427\u0435\u043b\u0441\u0438\u00bb \u0434\u043e 36 \u043c\u043b\u043d \u0435\u0432\u0440\u043e", "action_flag": 2, "change_message": "[{\"changed\": {\"fields\": [\"image\"]}}]"}}, {"model": "admin.logentry", "pk": 38, "fields": {"action_time": "2022-03-24T18:10:24.533Z", "user": 1, "content_type": 12, "object_id": "6", "object_repr": "\u041f\u0440\u0430\u0432\u0438\u0442\u0435\u043b\u044c\u0441\u0442\u0432\u043e \u0412\u0435\u043b\u0438\u043a\u043e\u0431\u0440\u0438\u0442\u0430\u043d\u0438\u0438 \u0440\u0430\u0437\u0440\u0435\u0448\u0438\u043b\u043e \u0410\u0431\u0440\u0430\u043c\u043e\u0432\u0438\u0447\u0443 \u0432\u043b\u043e\u0436\u0438\u0442\u044c \u0432 \u00ab\u0427\u0435\u043b\u0441\u0438\u00bb \u0434\u043e 36 \u043c\u043b\u043d \u0435\u0432\u0440\u043e", "action_flag": 2, "change_message": "[{\"changed\": {\"fields\": [\"template\"]}}]"}}, {"model": "admin.logentry", "pk": 39, "fields": {"action_time": "2022-03-24T18:10:32.835Z", "user": 1, "content_type": 12, "object_id": "5", "object_repr": "\u0410\u0448\u0440\u0430\u043c, \u043b\u0438\u0448\u0438\u0432\u0448\u0430\u044f \u0410\u0432\u0435\u0440\u0438\u043d\u0443 \u0437\u043e\u043b\u043e\u0442\u0430 \u043d\u0430 \u041e\u0418-2020, \u0440\u0435\u0448\u0438\u043b\u0430 \u0437\u0430\u0432\u0435\u0440\u0448\u0438\u0442\u044c \u043a\u0430\u0440\u044c\u0435\u0440\u0443", "action_flag": 2, "change_message": "[{\"changed\": {\"fields\": [\"template\"]}}]"}}, {"model": "admin.logentry", "pk": 40, "fields": {"action_time": "2022-03-24T18:10:41.091Z", "user": 1, "content_type": 12, "object_id": "4", "object_repr": "\u0420\u043e\u043d\u0430\u043b\u0434\u0438\u043d\u044c\u043e \u043d\u0430\u0437\u0432\u0430\u043b \u041c\u0430\u043b\u044c\u0434\u0438\u043d\u0438 \u043b\u0443\u0447\u0448\u0438\u043c \u0444\u0443\u0442\u0431\u043e\u043b\u0438\u0441\u0442\u043e\u043c, \u0441 \u043a\u043e\u0442\u043e\u0440\u044b\u043c \u0435\u043c\u0443 \u0434\u043e\u0432\u0435\u043b\u043e\u0441\u044c \u0438\u0433\u0440\u0430\u0442\u044c", "action_flag": 2, "change_message": "[{\"changed\": {\"fields\": [\"template\"]}}]"}}, {"model": "admin.logentry", "pk": 41, "fields": {"action_time": "2022-03-24T18:12:04.881Z", "user": 1, "content_type": 10, "object_id": "2", "object_repr": "\u0441\u043f\u043e\u0440\u0442", "action_flag": 2, "change_message": "[{\"changed\": {\"fields\": [\"template\"]}}]"}}, {"model": "admin.logentry", "pk": 42, "fields": {"action_time": "2022-03-24T18:48:56.647Z", "user": 1, "content_type": 15, "object_id": "6", "object_repr": "Moscow_news", "action_flag": 1, "change_message": "[{\"added\": {}}]"}}, {"model": "admin.logentry", "pk": 43, "fields": {"action_time": "2022-03-24T18:49:45.688Z", "user": 1, "content_type": 15, "object_id": "6", "object_repr": "sports_news", "action_flag": 2, "change_message": "[{\"changed\": {\"fields\": [\"title\", \"name\", \"object_id\"]}}]"}}, {"model": "admin.logentry", "pk": 44, "fields": {"action_time": "2022-03-26T07:59:03.695Z", "user": 1, "content_type": 16, "object_id": "1", "object_repr": "\u0433\u043b\u0430\u0432\u043d\u0430\u044f", "action_flag": 2, "change_message": "[{\"changed\": {\"fields\": [\"sub_title\"]}}]"}}, {"model": "admin.logentry", "pk": 45, "fields": {"action_time": "2022-03-26T08:09:53.045Z", "user": 1, "content_type": 4, "object_id": "2", "object_repr": "ivan", "action_flag": 3, "change_message": ""}}, {"model": "admin.logentry", "pk": 46, "fields": {"action_time": "2022-03-26T08:09:53.048Z", "user": 1, "content_type": 4, "object_id": "3", "object_repr": "pavel", "action_flag": 3, "change_message": ""}}, {"model": "admin.logentry", "pk": 47, "fields": {"action_time": "2022-03-26T08:25:54.371Z", "user": 1, "content_type": 16, "object_id": "1", "object_repr": "\u0413\u043b\u0430\u0432\u043d\u0430\u044f \u0441\u0442\u0440\u0430\u043d\u0438\u0430\u0446\u0430", "action_flag": 2, "change_message": "[{\"changed\": {\"fields\": [\"title\"]}}]"}}, {"model": "admin.logentry", "pk": 48, "fields": {"action_time": "2022-03-26T08:26:11.194Z", "user": 1, "content_type": 16, "object_id": "1", "object_repr": "\u0413\u043b\u0430\u0432\u043d\u0430\u044f \u0441\u0442\u0440\u0430\u043d\u0438\u0430\u0446\u0430", "action_flag": 2, "change_message": "[{\"changed\": {\"fields\": [\"text\"]}}]"}}, {"model": "admin.logentry", "pk": 49, "fields": {"action_time": "2022-03-26T08:48:23.924Z", "user": 1, "content_type": 16, "object_id": "3", "object_repr": "\u0428\u0430\u0431\u043b\u043e\u043d 2", "action_flag": 1, "change_message": "[{\"added\": {}}]"}}, {"model": "admin.logentry", "pk": 50, "fields": {"action_time": "2022-03-26T08:50:44.338Z", "user": 1, "content_type": 15, "object_id": "7", "object_repr": "empty", "action_flag": 1, "change_message": "[{\"added\": {}}]"}}, {"model": "admin.logentry", "pk": 51, "fields": {"action_time": "2022-03-26T08:53:46.472Z", "user": 1, "content_type": 16, "object_id": "3", "object_repr": "\u0428\u0430\u0431\u043b\u043e\u043d 2", "action_flag": 2, "change_message": "[{\"changed\": {\"fields\": [\"sub_title\"]}}]"}}, {"model": "admin.logentry", "pk": 52, "fields": {"action_time": "2022-03-26T08:54:01.771Z", "user": 1, "content_type": 16, "object_id": "3", "object_repr": "\u0428\u0430\u0431\u043b\u043e\u043d 2", "action_flag": 2, "change_message": "[{\"changed\": {\"fields\": [\"sub_title\"]}}]"}}, {"model": "admin.logentry", "pk": 53, "fields": {"action_time": "2022-03-26T08:54:10.242Z", "user": 1, "content_type": 15, "object_id": "7", "object_repr": "empty", "action_flag": 2, "change_message": "[{\"changed\": {\"fields\": [\"title\"]}}]"}}, {"model": "admin.logentry", "pk": 54, "fields": {"action_time": "2022-03-26T08:54:28.625Z", "user": 1, "content_type": 15, "object_id": "7", "object_repr": "empty", "action_flag": 2, "change_message": "[{\"changed\": {\"fields\": [\"title\"]}}]"}}, {"model": "admin.logentry", "pk": 55, "fields": {"action_time": "2022-03-26T08:55:34.687Z", "user": 1, "content_type": 15, "object_id": "4", "object_repr": "test", "action_flag": 2, "change_message": "[{\"changed\": {\"fields\": [\"title\"]}}]"}}, {"model": "admin.logentry", "pk": 56, "fields": {"action_time": "2022-03-26T08:55:48.751Z", "user": 1, "content_type": 15, "object_id": "7", "object_repr": "empty", "action_flag": 2, "change_message": "[{\"changed\": {\"fields\": [\"title\"]}}]"}}, {"model": "admin.logentry", "pk": 57, "fields": {"action_time": "2022-03-26T08:56:04.521Z", "user": 1, "content_type": 15, "object_id": "7", "object_repr": "empty", "action_flag": 2, "change_message": "[{\"changed\": {\"fields\": [\"title\"]}}]"}}, {"model": "admin.logentry", "pk": 58, "fields": {"action_time": "2022-03-26T08:56:37.379Z", "user": 1, "content_type": 15, "object_id": "7", "object_repr": "empty", "action_flag": 2, "change_message": "[{\"changed\": {\"fields\": [\"sort\"]}}]"}}, {"model": "admin.logentry", "pk": 59, "fields": {"action_time": "2022-03-26T08:57:03.244Z", "user": 1, "content_type": 15, "object_id": "4", "object_repr": "test", "action_flag": 2, "change_message": "[{\"changed\": {\"fields\": [\"sort\"]}}]"}}, {"model": "admin.logentry", "pk": 60, "fields": {"action_time": "2022-03-26T08:57:03.254Z", "user": 1, "content_type": 15, "object_id": "7", "object_repr": "empty", "action_flag": 2, "change_message": "[{\"changed\": {\"fields\": [\"sort\"]}}]"}}, {"model": "admin.logentry", "pk": 61, "fields": {"action_time": "2022-03-26T08:57:08.688Z", "user": 1, "content_type": 15, "object_id": "5", "object_repr": "ssilka_naws", "action_flag": 2, "change_message": "[{\"changed\": {\"fields\": [\"sort\"]}}]"}}, {"model": "admin.logentry", "pk": 62, "fields": {"action_time": "2022-03-26T08:57:08.701Z", "user": 1, "content_type": 15, "object_id": "6", "object_repr": "sports_news", "action_flag": 2, "change_message": "[{\"changed\": {\"fields\": [\"sort\"]}}]"}}, {"model": "admin.logentry", "pk": 63, "fields": {"action_time": "2022-03-26T08:57:30.876Z", "user": 1, "content_type": 15, "object_id": "4", "object_repr": "test", "action_flag": 2, "change_message": "[{\"changed\": {\"fields\": [\"sort\"]}}]"}}, {"model": "admin.logentry", "pk": 64, "fields": {"action_time": "2022-03-26T08:57:40.745Z", "user": 1, "content_type": 15, "object_id": "7", "object_repr": "empty", "action_flag": 2, "change_message": "[{\"changed\": {\"fields\": [\"sort\"]}}]"}}, {"model": "admin.logentry", "pk": 65, "fields": {"action_time": "2022-03-26T08:57:51.199Z", "user": 1, "content_type": 15, "object_id": "7", "object_repr": "empty", "action_flag": 2, "change_message": "[{\"changed\": {\"fields\": [\"sort\"]}}]"}}, {"model": "admin.logentry", "pk": 66, "fields": {"action_time": "2022-03-26T08:58:04.194Z", "user": 1, "content_type": 15, "object_id": "3", "object_repr": "main", "action_flag": 2, "change_message": "[{\"changed\": {\"fields\": [\"sort\"]}}]"}}, {"model": "admin.logentry", "pk": 67, "fields": {"action_time": "2022-03-26T08:58:04.207Z", "user": 1, "content_type": 15, "object_id": "7", "object_repr": "empty", "action_flag": 2, "change_message": "[{\"changed\": {\"fields\": [\"sort\"]}}]"}}, {"model": "admin.logentry", "pk": 68, "fields": {"action_time": "2022-03-26T08:58:04.217Z", "user": 1, "content_type": 15, "object_id": "4", "object_repr": "test", "action_flag": 2, "change_message": "[{\"changed\": {\"fields\": [\"sort\"]}}]"}}, {"model": "admin.logentry", "pk": 69, "fields": {"action_time": "2022-03-26T08:58:20.508Z", "user": 1, "content_type": 15, "object_id": "5", "object_repr": "ssilka_naws", "action_flag": 2, "change_message": "[{\"changed\": {\"fields\": [\"sort\"]}}]"}}, {"model": "admin.logentry", "pk": 70, "fields": {"action_time": "2022-03-26T08:58:20.520Z", "user": 1, "content_type": 15, "object_id": "3", "object_repr": "main", "action_flag": 2, "change_message": "[{\"changed\": {\"fields\": [\"sort\"]}}]"}}, {"model": "admin.logentry", "pk": 71, "fields": {"action_time": "2022-03-26T08:58:28.001Z", "user": 1, "content_type": 15, "object_id": "7", "object_repr": "empty", "action_flag": 2, "change_message": "[{\"changed\": {\"fields\": [\"sort\"]}}]"}}, {"model": "admin.logentry", "pk": 72, "fields": {"action_time": "2022-03-26T08:58:30.712Z", "user": 1, "content_type": 15, "object_id": "5", "object_repr": "ssilka_naws", "action_flag": 2, "change_message": "[{\"changed\": {\"fields\": [\"sort\"]}}]"}}, {"model": "admin.logentry", "pk": 73, "fields": {"action_time": "2022-03-26T08:58:36.367Z", "user": 1, "content_type": 15, "object_id": "3", "object_repr": "main", "action_flag": 2, "change_message": "[{\"changed\": {\"fields\": [\"sort\"]}}]"}}, {"model": "admin.logentry", "pk": 74, "fields": {"action_time": "2022-03-26T08:58:40.257Z", "user": 1, "content_type": 15, "object_id": "7", "object_repr": "empty", "action_flag": 2, "change_message": "[{\"changed\": {\"fields\": [\"sort\"]}}]"}}, {"model": "admin.logentry", "pk": 75, "fields": {"action_time": "2022-03-26T08:58:45.304Z", "user": 1, "content_type": 15, "object_id": "3", "object_repr": "main", "action_flag": 2, "change_message": "[{\"changed\": {\"fields\": [\"sort\"]}}]"}}, {"model": "admin.logentry", "pk": 76, "fields": {"action_time": "2022-03-26T08:59:46.127Z", "user": 1, "content_type": 15, "object_id": "7", "object_repr": "empty", "action_flag": 2, "change_message": "[{\"changed\": {\"fields\": [\"sort\"]}}]"}}, {"model": "admin.logentry", "pk": 77, "fields": {"action_time": "2022-03-26T08:59:49.132Z", "user": 1, "content_type": 15, "object_id": "7", "object_repr": "empty", "action_flag": 2, "change_message": "[{\"changed\": {\"fields\": [\"sort\"]}}]"}}, {"model": "admin.logentry", "pk": 78, "fields": {"action_time": "2022-03-26T09:00:13.609Z", "user": 1, "content_type": 15, "object_id": "7", "object_repr": "empty", "action_flag": 2, "change_message": "[{\"changed\": {\"fields\": [\"sort\"]}}]"}}, {"model": "admin.logentry", "pk": 79, "fields": {"action_time": "2022-03-26T09:00:13.617Z", "user": 1, "content_type": 15, "object_id": "5", "object_repr": "ssilka_naws", "action_flag": 2, "change_message": "[{\"changed\": {\"fields\": [\"sort\"]}}]"}}, {"model": "admin.logentry", "pk": 80, "fields": {"action_time": "2022-03-26T09:00:13.627Z", "user": 1, "content_type": 15, "object_id": "4", "object_repr": "test", "action_flag": 2, "change_message": "[{\"changed\": {\"fields\": [\"sort\"]}}]"}}, {"model": "admin.logentry", "pk": 81, "fields": {"action_time": "2022-03-26T09:00:16.857Z", "user": 1, "content_type": 15, "object_id": "6", "object_repr": "sports_news", "action_flag": 2, "change_message": "[{\"changed\": {\"fields\": [\"sort\"]}}]"}}, {"model": "admin.logentry", "pk": 82, "fields": {"action_time": "2022-03-26T09:00:22.561Z", "user": 1, "content_type": 15, "object_id": "3", "object_repr": "main", "action_flag": 2, "change_message": "[{\"changed\": {\"fields\": [\"sort\"]}}]"}}, {"model": "admin.logentry", "pk": 83, "fields": {"action_time": "2022-03-26T09:00:26.120Z", "user": 1, "content_type": 15, "object_id": "3", "object_repr": "main", "action_flag": 2, "change_message": "[{\"changed\": {\"fields\": [\"sort\"]}}]"}}, {"model": "admin.logentry", "pk": 84, "fields": {"action_time": "2022-03-26T09:00:28.734Z", "user": 1, "content_type": 15, "object_id": "3", "object_repr": "main", "action_flag": 2, "change_message": "[{\"changed\": {\"fields\": [\"sort\"]}}]"}}, {"model": "admin.logentry", "pk": 85, "fields": {"action_time": "2022-03-26T09:01:06.539Z", "user": 1, "content_type": 15, "object_id": "3", "object_repr": "main", "action_flag": 2, "change_message": "[{\"changed\": {\"fields\": [\"sort\"]}}]"}}, {"model": "admin.logentry", "pk": 86, "fields": {"action_time": "2022-03-26T09:01:10.111Z", "user": 1, "content_type": 15, "object_id": "3", "object_repr": "main", "action_flag": 2, "change_message": "[{\"changed\": {\"fields\": [\"sort\"]}}]"}}, {"model": "admin.logentry", "pk": 87, "fields": {"action_time": "2022-03-26T09:01:28.316Z", "user": 1, "content_type": 15, "object_id": "3", "object_repr": "main", "action_flag": 2, "change_message": "[{\"changed\": {\"fields\": [\"sort\"]}}]"}}, {"model": "admin.logentry", "pk": 88, "fields": {"action_time": "2022-03-26T09:01:35.252Z", "user": 1, "content_type": 15, "object_id": "4", "object_repr": "test", "action_flag": 2, "change_message": "[{\"changed\": {\"fields\": [\"sort\"]}}]"}}, {"model": "admin.logentry", "pk": 89, "fields": {"action_time": "2022-03-26T09:01:38.166Z", "user": 1, "content_type": 15, "object_id": "7", "object_repr": "empty", "action_flag": 2, "change_message": "[{\"changed\": {\"fields\": [\"sort\"]}}]"}}, {"model": "admin.logentry", "pk": 90, "fields": {"action_time": "2022-03-26T09:01:41.139Z", "user": 1, "content_type": 15, "object_id": "6", "object_repr": "sports_news", "action_flag": 2, "change_message": "[{\"changed\": {\"fields\": [\"sort\"]}}]"}}, {"model": "admin.logentry", "pk": 91, "fields": {"action_time": "2022-03-26T09:01:44.069Z", "user": 1, "content_type": 15, "object_id": "5", "object_repr": "ssilka_naws", "action_flag": 2, "change_message": "[{\"changed\": {\"fields\": [\"sort\"]}}]"}}, {"model": "admin.logentry", "pk": 92, "fields": {"action_time": "2022-03-26T09:02:07.829Z", "user": 1, "content_type": 15, "object_id": "3", "object_repr": "main", "action_flag": 2, "change_message": "[{\"changed\": {\"fields\": [\"title\"]}}]"}}, {"model": "admin.logentry", "pk": 93, "fields": {"action_time": "2022-03-26T09:17:32.858Z", "user": 1, "content_type": 16, "object_id": "2", "object_repr": "\u0442\u0435\u0441\u0442\u043e\u0432\u0430\u044f \u0441\u0442\u0440\u0430\u043d\u0438\u0446\u0430", "action_flag": 2, "change_message": "[{\"changed\": {\"fields\": [\"text\"]}}]"}}, {"model": "admin.logentry", "pk": 94, "fields": {"action_time": "2022-03-26T09:29:58.702Z", "user": 1, "content_type": 10, "object_id": "1", "object_repr": "\u043c\u043e\u0441\u043a\u0432\u0430", "action_flag": 2, "change_message": "[{\"changed\": {\"fields\": [\"published\"]}}]"}}, {"model": "admin.logentry", "pk": 95, "fields": {"action_time": "2022-03-26T09:29:58.708Z", "user": 1, "content_type": 10, "object_id": "2", "object_repr": "\u0441\u043f\u043e\u0440\u0442", "action_flag": 2, "change_message": "[{\"changed\": {\"fields\": [\"published\"]}}]"}}, {"model": "admin.logentry", "pk": 96, "fields": {"action_time": "2022-03-26T09:29:58.714Z", "user": 1, "content_type": 10, "object_id": "4", "object_repr": "\u0444\u0443\u0442\u0431\u043e\u043b", "action_flag": 2, "change_message": "[{\"changed\": {\"fields\": [\"published\"]}}]"}}, {"model": "admin.logentry", "pk": 97, "fields": {"action_time": "2022-03-26T09:33:11.383Z", "user": 1, "content_type": 12, "object_id": "2", "object_repr": "\u0412 \u0424\u0410\u0421 \u043f\u043e \u041c\u043e\u0441\u043a\u0432\u0435 \u0441\u043e\u043e\u0431\u0449\u0438\u043b\u0438, \u0447\u0442\u043e \u0442\u043e\u0440\u0433\u043e\u0432\u044b\u0435 \u0441\u0435\u0442\u0438 \u043f\u0440\u0438\u0441\u043e\u0435\u0434\u0438\u043d\u0438\u043b\u0438\u0441\u044c \u043a \u0438\u0434\u0435\u0435 \u043f\u043e \u043e\u0433\u0440\u0430\u043d\u0438\u0447\u0435\u043d\u0438\u044e \u043d\u0430\u0446\u0435\u043d\u043e\u043a", "action_flag": 2, "change_message": "[{\"changed\": {\"fields\": [\"published\"]}}]"}}, {"model": "admin.logentry", "pk": 98, "fields": {"action_time": "2022-03-26T09:33:46.351Z", "user": 1, "content_type": 10, "object_id": "1", "object_repr": "\u043c\u043e\u0441\u043a\u0432\u0430", "action_flag": 2, "change_message": "[{\"changed\": {\"fields\": [\"published\"]}}]"}}, {"model": "admin.logentry", "pk": 99, "fields": {"action_time": "2022-03-26T09:33:46.359Z", "user": 1, "content_type": 10, "object_id": "2", "object_repr": "\u0441\u043f\u043e\u0440\u0442", "action_flag": 2, "change_message": "[{\"changed\": {\"fields\": [\"published\"]}}]"}}, {"model": "admin.logentry", "pk": 100, "fields": {"action_time": "2022-03-26T09:33:46.365Z", "user": 1, "content_type": 10, "object_id": "5", "object_repr": "\u0431\u0430\u0441\u043a\u0435\u0442\u0431\u043e\u043b", "action_flag": 2, "change_message": "[{\"changed\": {\"fields\": [\"published\"]}}]"}}, {"model": "admin.logentry", "pk": 101, "fields": {"action_time": "2022-03-26T09:38:10.830Z", "user": 1, "content_type": 12, "object_id": "3", "object_repr": "\u0412 \u0413\u0438\u0434\u0440\u043e\u043c\u0435\u0442\u0446\u0435\u043d\u0442\u0440\u0435 \u043f\u043e\u043e\u0431\u0435\u0449\u0430\u043b\u0438 \u043c\u043e\u0441\u043a\u0432\u0438\u0447\u0430\u043c \u0432\u0435\u0441\u0435\u043d\u043d\u044e\u044e \u043f\u043e\u0433\u043e\u0434\u0443 \u0432 \u0431\u043b\u0438\u0436\u0430\u0439\u0448\u0438\u0435 \u0434\u043d\u0438", "action_flag": 2, "change_message": "[{\"changed\": {\"fields\": [\"author\"]}}]"}}, {"model": "admin.logentry", "pk": 102, "fields": {"action_time": "2022-03-26T09:38:16.927Z", "user": 1, "content_type": 12, "object_id": "4", "object_repr": "\u0420\u043e\u043d\u0430\u043b\u0434\u0438\u043d\u044c\u043e \u043d\u0430\u0437\u0432\u0430\u043b \u041c\u0430\u043b\u044c\u0434\u0438\u043d\u0438 \u043b\u0443\u0447\u0448\u0438\u043c \u0444\u0443\u0442\u0431\u043e\u043b\u0438\u0441\u0442\u043e\u043c, \u0441 \u043a\u043e\u0442\u043e\u0440\u044b\u043c \u0435\u043c\u0443 \u0434\u043e\u0432\u0435\u043b\u043e\u0441\u044c \u0438\u0433\u0440\u0430\u0442\u044c", "action_flag": 2, "change_message": "[{\"changed\": {\"fields\": [\"author\"]}}]"}}, {"model": "admin.logentry", "pk": 103, "fields": {"action_time": "2022-03-26T09:38:27.964Z", "user": 1, "content_type": 12, "object_id": "6", "object_repr": "\u041f\u0440\u0430\u0432\u0438\u0442\u0435\u043b\u044c\u0441\u0442\u0432\u043e \u0412\u0435\u043b\u0438\u043a\u043e\u0431\u0440\u0438\u0442\u0430\u043d\u0438\u0438 \u0440\u0430\u0437\u0440\u0435\u0448\u0438\u043b\u043e \u0410\u0431\u0440\u0430\u043c\u043e\u0432\u0438\u0447\u0443 \u0432\u043b\u043e\u0436\u0438\u0442\u044c \u0432 \u00ab\u0427\u0435\u043b\u0441\u0438\u00bb \u0434\u043e 36 \u043c\u043b\u043d \u0435\u0432\u0440\u043e", "action_flag": 2, "change_message": "[{\"changed\": {\"fields\": [\"author\"]}}]"}}, {"model": "admin.logentry", "pk": 104, "fields": {"action_time": "2022-03-26T10:08:18.517Z", "user": 1, "content_type": 12, "object_id": "7", "object_repr": "\u0422\u0443\u0440\u043d\u0438\u0440 \u043f\u043e \u0431\u0430\u0441\u043a\u0435\u0442\u0431\u043e\u043b\u0443 \u043f\u0430\u043c\u044f\u0442\u0438 \u0437\u0430\u0441\u043b\u0443\u0436\u0435\u043d\u043d\u043e\u0433\u043e \u0434\u0435\u044f\u0442\u0435\u043b\u044f \u043d\u0430\u0443\u043a \u0420\u0424 \u042e.\u0420\u0435\u0437\u043d\u0438\u043a\u0430 \u0441\u0442\u0430\u0440\u0442\u043e\u0432\u0430\u043b \u0432 \u0427\u0438\u0442\u0435", "action_flag": 1, "change_message": "[{\"added\": {}}]"}}, {"model": "admin.logentry", "pk": 105, "fields": {"action_time": "2022-03-26T10:23:34.820Z", "user": 1, "content_type": 10, "object_id": "5", "object_repr": "\u0431\u0430\u0441\u043a\u0435\u0442\u0431\u043e\u043b", "action_flag": 2, "change_message": "[{\"changed\": {\"fields\": [\"slug\"]}}]"}}, {"model": "admin.logentry", "pk": 106, "fields": {"action_time": "2022-03-26T10:23:40.746Z", "user": 1, "content_type": 10, "object_id": "4", "object_repr": "\u0444\u0443\u0442\u0431\u043e\u043b", "action_flag": 2, "change_message": "[{\"changed\": {\"fields\": [\"slug\"]}}]"}}, {"model": "admin.logentry", "pk": 107, "fields": {"action_time": "2022-03-26T11:03:53.048Z", "user": 1, "content_type": 10, "object_id": "6", "object_repr": "\u0444\u0443\u0442\u0431\u043e\u043b \u043c\u043e\u0441\u043a\u0432\u044b", "action_flag": 1, "change_message": "[{\"added\": {}}]"}}, {"model": "admin.logentry", "pk": 108, "fields": {"action_time": "2022-03-26T16:08:20.598Z", "user": 1, "content_type": 10, "object_id": "5", "object_repr": "\u0431\u0430\u0441\u043a\u0435\u0442\u0431\u043e\u043b", "action_flag": 2, "change_message": "[{\"changed\": {\"fields\": [\"template\"]}}]"}}, {"model": "admin.logentry", "pk": 109, "fields": {"action_time": "2022-03-26T16:08:28.866Z", "user": 1, "content_type": 10, "object_id": "4", "object_repr": "\u0444\u0443\u0442\u0431\u043e\u043b", "action_flag": 2, "change_message": "[{\"changed\": {\"fields\": [\"template\"]}}]"}}, {"model": "admin.logentry", "pk": 110, "fields": {"action_time": "2022-03-26T16:08:44.866Z", "user": 1, "content_type": 10, "object_id": "6", "object_repr": "\u0444\u0443\u0442\u0431\u043e\u043b \u043c\u043e\u0441\u043a\u0432\u044b", "action_flag": 2, "change_message": "[{\"changed\": {\"fields\": [\"template\"]}}]"}}, {"model": "admin.logentry", "pk": 111, "fields": {"action_time": "2022-03-26T16:14:39.536Z", "user": 1, "content_type": 12, "object_id": "8", "object_repr": "5 \u0432\u0434\u043e\u0445\u043d\u043e\u0432\u043b\u044f\u044e\u0449\u0438\u0445 \u0441\u043f\u043e\u0440\u0442\u0438\u0432\u043d\u044b\u0445 \u0441\u0435\u0440\u0438\u0430\u043b\u043e\u0432 \u0434\u043b\u044f \u0445\u043e\u0440\u043e\u0448\u0435\u0433\u043e \u0432\u0435\u0447\u0435\u0440\u0430", "action_flag": 1, "change_message": "[{\"added\": {}}]"}}, {"model": "admin.logentry", "pk": 112, "fields": {"action_time": "2022-03-26T16:14:58.178Z", "user": 1, "content_type": 12, "object_id": "8", "object_repr": "5 \u0432\u0434\u043e\u0445\u043d\u043e\u0432\u043b\u044f\u044e\u0449\u0438\u0445 \u0441\u043f\u043e\u0440\u0442\u0438\u0432\u043d\u044b\u0445 \u0441\u0435\u0440\u0438\u0430\u043b\u043e\u0432 \u0434\u043b\u044f \u0445\u043e\u0440\u043e\u0448\u0435\u0433\u043e \u0432\u0435\u0447\u0435\u0440\u0430", "action_flag": 2, "change_message": "[{\"changed\": {\"fields\": [\"image\"]}}]"}}, {"model": "admin.logentry", "pk": 113, "fields": {"action_time": "2022-03-26T16:17:32.920Z", "user": 1, "content_type": 12, "object_id": "9", "object_repr": "\u0421\u0431\u043e\u0440\u043d\u0430\u044f \u0420\u043e\u0441\u0441\u0438\u0438 \u043f\u043e\u0431\u0435\u0434\u0438\u043b\u0430 \u043c\u043e\u043b\u043e\u0434\u0435\u0436\u043d\u0443\u044e \u043a\u043e\u043c\u0430\u043d\u0434\u0443 \u0432 \u0442\u0440\u0435\u043d\u0438\u0440\u043e\u0432\u043e\u0447\u043d\u043e\u043c \u043c\u0430\u0442\u0447\u0435", "action_flag": 1, "change_message": "[{\"added\": {}}]"}}, {"model": "admin.logentry", "pk": 114, "fields": {"action_time": "2022-03-26T16:19:24.355Z", "user": 1, "content_type": 12, "object_id": "6", "object_repr": "\u041f\u0440\u0430\u0432\u0438\u0442\u0435\u043b\u044c\u0441\u0442\u0432\u043e \u0412\u0435\u043b\u0438\u043a\u043e\u0431\u0440\u0438\u0442\u0430\u043d\u0438\u0438 \u0440\u0430\u0437\u0440\u0435\u0448\u0438\u043b\u043e \u0410\u0431\u0440\u0430\u043c\u043e\u0432\u0438\u0447\u0443 \u0432\u043b\u043e\u0436\u0438\u0442\u044c \u0432 \u00ab\u0427\u0435\u043b\u0441\u0438\u00bb \u0434\u043e 36 \u043c\u043b\u043d \u0435\u0432\u0440\u043e", "action_flag": 2, "change_message": "[{\"changed\": {\"fields\": [\"tags\"]}}]"}}, {"model": "admin.logentry", "pk": 115, "fields": {"action_time": "2022-03-26T16:23:56.204Z", "user": 1, "content_type": 12, "object_id": "10", "object_repr": "\u0412\u0430\u043b\u0435\u0440\u0438\u0439 \u041a\u0430\u0440\u043f\u0438\u043d \u0432\u044b\u0441\u0442\u0443\u043f\u0438\u043b \u0437\u0430 \u0440\u0430\u0441\u0448\u0438\u0440\u0435\u043d\u0438\u0435 \u0420\u041f\u041b \u0434\u043e 18 \u0438\u043b\u0438 20 \u043a\u043e\u043c\u0430\u043d\u0434", "action_flag": 1, "change_message": "[{\"added\": {}}]"}}, {"model": "admin.logentry", "pk": 116, "fields": {"action_time": "2022-03-26T16:24:56.632Z", "user": 1, "content_type": 12, "object_id": "2", "object_repr": "\u0412 \u0424\u0410\u0421 \u043f\u043e \u041c\u043e\u0441\u043a\u0432\u0435 \u0441\u043e\u043e\u0431\u0449\u0438\u043b\u0438, \u0447\u0442\u043e \u0442\u043e\u0440\u0433\u043e\u0432\u044b\u0435 \u0441\u0435\u0442\u0438 \u043f\u0440\u0438\u0441\u043e\u0435\u0434\u0438\u043d\u0438\u043b\u0438\u0441\u044c \u043a \u0438\u0434\u0435\u0435 \u043f\u043e \u043e\u0433\u0440\u0430\u043d\u0438\u0447\u0435\u043d\u0438\u044e \u043d\u0430\u0446\u0435\u043d\u043e\u043a", "action_flag": 2, "change_message": "[{\"changed\": {\"fields\": [\"image\"]}}]"}}, {"model": "admin.logentry", "pk": 117, "fields": {"action_time": "2022-03-26T16:27:20.309Z", "user": 1, "content_type": 12, "object_id": "11", "object_repr": "\u0424\u041a \u00ab\u0422\u043e\u043c\u044c\u00bb \u0432 \u0441\u0443\u0431\u0431\u043e\u0442\u0443 \u043f\u0440\u043e\u0438\u0433\u0440\u0430\u043b \u043c\u043e\u0441\u043a\u043e\u0432\u0441\u043a\u043e\u043c\u0443 \u00ab\u0422\u043e\u0440\u043f\u0435\u0434\u043e\u00bb \u0441\u043e \u0441\u0447\u0435\u0442\u043e\u043c 2:5", "action_flag": 1, "change_message": "[{\"added\": {}}]"}}, {"model": "admin.logentry", "pk": 118, "fields": {"action_time": "2022-03-26T17:58:16.228Z", "user": 1, "content_type": 10, "object_id": "1", "object_repr": "\u043c\u043e\u0441\u043a\u0432\u0430", "action_flag": 2, "change_message": "[{\"changed\": {\"fields\": [\"paginated\"]}}]"}}]